pfam_id	pfam_version	short_name	description	previous_unknown_names	previous_ids	currently_unknown_name	source_url
PF00563	PF00563.26	EAL	EAL domain	DUF2	DUF2	false	https://www.ebi.ac.uk/interpro/entry/pfam/PF00563/
PF00668	PF00668.26	Condensation	Condensation domain	DUF4	DUF4	false	https://www.ebi.ac.uk/interpro/entry/pfam/PF00668/
PF00672	PF00672.31	HAMP	HAMP domain	DUF5	DUF5	false	https://www.ebi.ac.uk/interpro/entry/pfam/PF00672/
PF00892	PF00892.27	EamA	EamA-like transporter family	DUF6	DUF6	false	https://www.ebi.ac.uk/interpro/entry/pfam/PF00892/
PF00893	PF00893.26	Multi_Drug_Res	Small Multidrug Resistance protein	DUF7	DUF7;SMR	false	https://www.ebi.ac.uk/interpro/entry/pfam/PF00893/
PF00902	PF00902.24	TatC	Sec-independent protein translocase protein (TatC)	UPF0032	UPF0032	false	https://www.ebi.ac.uk/interpro/entry/pfam/PF00902/
PF00924	PF00924.25	MS_channel_2nd	Mechanosensitive ion channel, beta-domain	UPF0003	UPF0003;MS_channel	false	https://www.ebi.ac.uk/interpro/entry/pfam/PF00924/
PF00990	PF00990.27	GGDEF	Diguanylate cyclase, GGDEF domain	DUF9	DUF9	false	https://www.ebi.ac.uk/interpro/entry/pfam/PF00990/
PF01026	PF01026.28	TatD_DNase	TatD related DNase	UPF0006	UPF0006	false	https://www.ebi.ac.uk/interpro/entry/pfam/PF01026/
PF01027	PF01027.27	Bax1-I	Inhibitor of apoptosis-promoting Bax1	UPF0005	UPF0005	false	https://www.ebi.ac.uk/interpro/entry/pfam/PF01027/
PF01042	PF01042.27	Ribonuc_L-PSP	Endoribonuclease L-PSP	DUF10;UPF0076	DUF10;UPF0076;ribonuc_L-PSP	false	https://www.ebi.ac.uk/interpro/entry/pfam/PF01042/
PF01060	PF01060.30	TTR-52	Transthyretin-like family	DUF290	Worm_family_2;DUF290	false	https://www.ebi.ac.uk/interpro/entry/pfam/PF01060/
PF01062	PF01062.27	Bestrophin	Bestrophin, RFP-TM, chloride channel	DUF289	Worm_family_8;DUF289	false	https://www.ebi.ac.uk/interpro/entry/pfam/PF01062/
PF01121	PF01121.27	CoaE	Dephospho-CoA kinase	UPF0038	UPF0038	false	https://www.ebi.ac.uk/interpro/entry/pfam/PF01121/
PF01128	PF01128.26	IspD	2-C-methyl-D-erythritol 4-phosphate cytidylyltransferase	UPF0007	UPF0007	false	https://www.ebi.ac.uk/interpro/entry/pfam/PF01128/
PF01139	PF01139.23	RtcB	tRNA-splicing ligase RtcB	UPF0027	UPF0027	false	https://www.ebi.ac.uk/interpro/entry/pfam/PF01139/
PF01168	PF01168.27	Ala_racemase_N	Alanine racemase, N-terminal domain	UPF0001	UPF0001	false	https://www.ebi.ac.uk/interpro/entry/pfam/PF01168/
PF01169	PF01169.26	GDT1	Divalent cation/proton antiporter GDT1	UPF0016	UPF0016	false	https://www.ebi.ac.uk/interpro/entry/pfam/PF01169/
PF01171	PF01171.28	ATP_bind_3	PP-loop domain	UPF0021	UPF0021;ATP_bind3	false	https://www.ebi.ac.uk/interpro/entry/pfam/PF01171/
PF01172	PF01172.25	SBDS_N	Shwachman-Bodian-Diamond syndrome (SBDS) N-terminal domain	UPF0023	UPF0023;SBDS	false	https://www.ebi.ac.uk/interpro/entry/pfam/PF01172/
PF01174	PF01174.26	SNO	SNO glutamine amidotransferase family	UPF0030	UPF0030	false	https://www.ebi.ac.uk/interpro/entry/pfam/PF01174/
PF01205	PF01205.26	Impact_N	Impact N-terminal domain	UPF0029	UPF0029	false	https://www.ebi.ac.uk/interpro/entry/pfam/PF01205/
PF01206	PF01206.23	TusA	Sulfurtransferase TusA	UPF0033	UPF0033;SirA	false	https://www.ebi.ac.uk/interpro/entry/pfam/PF01206/
PF01207	PF01207.24	Dus	Dihydrouridine synthase (Dus)	UPF0034	UPF0034	false	https://www.ebi.ac.uk/interpro/entry/pfam/PF01207/
PF01255	PF01255.25	Prenyltransf	Putative undecaprenyl diphosphate synthase	UPF0015	UPF0015;UPP_synthetase	false	https://www.ebi.ac.uk/interpro/entry/pfam/PF01255/
PF01256	PF01256.23	Carb_kinase	NAD(P)H-hydrate dehydratase	UPF0031	UPF0031;carb_kinase	false	https://www.ebi.ac.uk/interpro/entry/pfam/PF01256/
PF01345	PF01345.25	CLIPPER	CLIPPER domain	DUF11	DUF11	false	https://www.ebi.ac.uk/interpro/entry/pfam/PF01345/
PF01458	PF01458.24	SUFBD_core	SUF system FeS cluster assembly, SufBD core domain	UPF0051	UPF0051;SUFBD	false	https://www.ebi.ac.uk/interpro/entry/pfam/PF01458/
PF01493	PF01493.26	GXGXG	GXGXG motif	DUF14	DUF14	false	https://www.ebi.ac.uk/interpro/entry/pfam/PF01493/
PF01513	PF01513.27	NAD_kinase	ATP-NAD kinase N-terminal domain	DUF15	DUF15	false	https://www.ebi.ac.uk/interpro/entry/pfam/PF01513/
PF01535	PF01535.27	PPR	PPR repeat	DUF17	DUF17	false	https://www.ebi.ac.uk/interpro/entry/pfam/PF01535/
PF01549	PF01549.30	ShK	ShK domain-like	DUF18	DUF18;ShTK	false	https://www.ebi.ac.uk/interpro/entry/pfam/PF01549/
PF01554	PF01554.24	MatE	MatE	UPF0013	UPF0013	false	https://www.ebi.ac.uk/interpro/entry/pfam/PF01554/
PF01594	PF01594.23	AI-2E_transport	AI-2E family transporter	DUF20;UPF0118	DUF20;UPF0118;AI-2_TqsA	false	https://www.ebi.ac.uk/interpro/entry/pfam/PF01594/
PF01595	PF01595.26	CNNM	Cyclin M transmembrane N-terminal domain	DUF21	DUF21	false	https://www.ebi.ac.uk/interpro/entry/pfam/PF01595/
PF01638	PF01638.24	HxlR	HxlR-like helix-turn-helix	DUF24	DUF24	false	https://www.ebi.ac.uk/interpro/entry/pfam/PF01638/
PF01641	PF01641.27	SelR	SelR domain	DUF25	DUF25	false	https://www.ebi.ac.uk/interpro/entry/pfam/PF01641/
PF01657	PF01657.23	Stress-antifung	Salt stress response/antifungal	DUF26	DUF26	false	https://www.ebi.ac.uk/interpro/entry/pfam/PF01657/
PF01661	PF01661.28	Macro	Macro domain	DUF27	DUF27;A1pp	false	https://www.ebi.ac.uk/interpro/entry/pfam/PF01661/
PF01679	PF01679.23	Pmp3	Proteolipid membrane potential modulator	UPF0057	UPF0057	false	https://www.ebi.ac.uk/interpro/entry/pfam/PF01679/
PF01680	PF01680.24	SOR_SNZ	SOR/SNZ family	UPF0019	UPF0019	false	https://www.ebi.ac.uk/interpro/entry/pfam/PF01680/
PF01697	PF01697.34	Glyco_transf_92	Glycosyltransferase family 92	DUF23	DUF23	false	https://www.ebi.ac.uk/interpro/entry/pfam/PF01697/
PF01709	PF01709.27	Transcrip_reg	TACO1/YebC second and third domain	DUF28	DUF28	false	https://www.ebi.ac.uk/interpro/entry/pfam/PF01709/
PF01732	PF01732.23	Myco_protease	Mycoplasma immunoglobulin protease	DUF31;Mycop_pep_DUF31	DUF31;Mycop_pep_DUF31	false	https://www.ebi.ac.uk/interpro/entry/pfam/PF01732/
PF01757	PF01757.29	Acyl_transf_3	Acyltransferase domain	DUF33	DUF33	false	https://www.ebi.ac.uk/interpro/entry/pfam/PF01757/
PF01784	PF01784.25	DUF34_NIF3	Duf34/NIF3 (NGG1p interacting factor 3)	DUF34	DUF34;NIF3	true	https://www.ebi.ac.uk/interpro/entry/pfam/PF01784/
PF01795	PF01795.26	Methyltransf_5	MraW methylase family	DUF36;UPF0117	DUF36;UPF0117	false	https://www.ebi.ac.uk/interpro/entry/pfam/PF01795/
PF01796	PF01796.24	OB_ChsH2_C	ChsH2, C-terminal OB-fold domain	DUF35	DUF35;OB_aCoA_assoc	false	https://www.ebi.ac.uk/interpro/entry/pfam/PF01796/
PF01809	PF01809.25	YidD	Putative membrane protein insertion efficiency factor	DUF37	DUF37;Haemolytic	false	https://www.ebi.ac.uk/interpro/entry/pfam/PF01809/
PF01827	PF01827.33	FTH	FTH domain	DUF38	DUF38	false	https://www.ebi.ac.uk/interpro/entry/pfam/PF01827/
PF01837	PF01837.23	HcyBio	Homocysteine biosynthesis enzyme, sulfur-incorporation	DUF39	DUF39	false	https://www.ebi.ac.uk/interpro/entry/pfam/PF01837/
PF01861	PF01861.23	BpsA_C	Branched-chain polyamine synthase A C-terminal domain	DUF43	DUF43	false	https://www.ebi.ac.uk/interpro/entry/pfam/PF01861/
PF01862	PF01862.23	PvlArgDC	Pyruvoyl-dependent arginine decarboxylase (PvlArgDC)	DUF44	DUF44	false	https://www.ebi.ac.uk/interpro/entry/pfam/PF01862/
PF01863	PF01863.24	YgjP-like	YgjP-like, metallopeptidase domain	DUF45	DUF45	false	https://www.ebi.ac.uk/interpro/entry/pfam/PF01863/
PF01864	PF01864.22	CarS-like	CDP-archaeol synthase	DUF46	DUF46	false	https://www.ebi.ac.uk/interpro/entry/pfam/PF01864/
PF01865	PF01865.22	PhoU_div	Protein of unknown function DUF47	DUF47	DUF47	false	https://www.ebi.ac.uk/interpro/entry/pfam/PF01865/
PF01867	PF01867.22	Cas_Cas1	CRISPR associated protein Cas1	DUF48	DUF48	false	https://www.ebi.ac.uk/interpro/entry/pfam/PF01867/
PF01868	PF01868.22	RNase_P-MRP_p29	Ribonuclease P/MRP, subunit p29	DUF49;UPF0086	DUF49;UPF0086	false	https://www.ebi.ac.uk/interpro/entry/pfam/PF01868/
PF01870	PF01870.26	Hjc	Archaeal holliday junction resolvase (hjc)	DUF50	DUF50	false	https://www.ebi.ac.uk/interpro/entry/pfam/PF01870/
PF01871	PF01871.23	AMMECR1	AMMECR1	DUF51	DUF51	false	https://www.ebi.ac.uk/interpro/entry/pfam/PF01871/
PF01875	PF01875.24	Memo	Memo-like protein	DUF52;UPF0103	DUF52;UPF0103	false	https://www.ebi.ac.uk/interpro/entry/pfam/PF01875/
PF01876	PF01876.24	RNase_P_p30	RNase P subunit p30	DUF53	DUF53	false	https://www.ebi.ac.uk/interpro/entry/pfam/PF01876/
PF01877	PF01877.23	RNA_binding	RNA binding	DUF54	DUF54	false	https://www.ebi.ac.uk/interpro/entry/pfam/PF01877/
PF01878	PF01878.25	EVE	EVE domain	DUF55	DUF55	false	https://www.ebi.ac.uk/interpro/entry/pfam/PF01878/
PF01881	PF01881.22	Cas_Cas6_C	CRISPR associated protein Cas6, C-terminal	DUF57	DUF57;Cas_Cas6	false	https://www.ebi.ac.uk/interpro/entry/pfam/PF01881/
PF01883	PF01883.25	FeS_assembly_P	Iron-sulfur cluster assembly protein	DUF59	DUF59;Iron-sulfur	false	https://www.ebi.ac.uk/interpro/entry/pfam/PF01883/
PF01885	PF01885.23	PTS_2-RNA	RNA 2'-phosphotransferase, Tpt1 / KptA family	DUF60	DUF60	false	https://www.ebi.ac.uk/interpro/entry/pfam/PF01885/
PF01887	PF01887.22	SAM_HAT_N	SAM hydroxide adenosyltransferase N-terminal domain	DUF62	DUF62;SAM_adeno_trans	false	https://www.ebi.ac.uk/interpro/entry/pfam/PF01887/
PF01889	PF01889.23	AliA_AliB	Archaeal lipoprotein biogenesis component AliA/AliB-like	DUF63	DUF63	false	https://www.ebi.ac.uk/interpro/entry/pfam/PF01889/
PF01894	PF01894.24	YjbQ	UPF0047 protein YjbQ-like	UPF0047	UPF0047;YjbQ-like	false	https://www.ebi.ac.uk/interpro/entry/pfam/PF01894/
PF01895	PF01895.25	PhoU	PhoU domain	DUF65	DUF65	false	https://www.ebi.ac.uk/interpro/entry/pfam/PF01895/
PF01899	PF01899.22	MNHE	Na+/H+ ion antiporter subunit	DUF68	DUF68	false	https://www.ebi.ac.uk/interpro/entry/pfam/PF01899/
PF01900	PF01900.25	RNase_P_Rpp14	Rpp14/Pop5 family	DUF69	DUF69	false	https://www.ebi.ac.uk/interpro/entry/pfam/PF01900/
PF01901	PF01901.22	O_anti_polymase	Putative O-antigen polymerase	DUF70	DUF70	false	https://www.ebi.ac.uk/interpro/entry/pfam/PF01901/
PF01902	PF01902.25	Diphthami_syn_2_N	Diphthamide synthase N-terminal domain	DUF71	DUF71;ATP_bind4;ATP_bind_4;Diphthami_syn_2	false	https://www.ebi.ac.uk/interpro/entry/pfam/PF01902/
PF01905	PF01905.22	DevR	CRISPR-associated negative auto-regulator DevR/Csa2	DUF73	DUF73	false	https://www.ebi.ac.uk/interpro/entry/pfam/PF01905/
PF01906	PF01906.25	YbjQ_1	Putative heavy-metal-binding	DUF74	DUF74	false	https://www.ebi.ac.uk/interpro/entry/pfam/PF01906/
PF01909	PF01909.30	NTP_transf_2	Nucleotidyltransferase domain	DUF76	DUF76	false	https://www.ebi.ac.uk/interpro/entry/pfam/PF01909/
PF01910	PF01910.23	Thiamine_BP	Thiamine-binding protein	DUF77	DUF77	false	https://www.ebi.ac.uk/interpro/entry/pfam/PF01910/
PF01914	PF01914.24	MarC	MarC family integral membrane protein	UPF0056	UPF0056	false	https://www.ebi.ac.uk/interpro/entry/pfam/PF01914/
PF01918	PF01918.28	Alba	Alba	DUF78	DUF78	false	https://www.ebi.ac.uk/interpro/entry/pfam/PF01918/
PF01923	PF01923.24	Cob_adeno_trans	Cobalamin adenosyltransferase	DUF80	DUF80	false	https://www.ebi.ac.uk/interpro/entry/pfam/PF01923/
PF01925	PF01925.26	TauE	Sulfite exporter TauE/SafE	DUF81	DUF81	false	https://www.ebi.ac.uk/interpro/entry/pfam/PF01925/
PF01927	PF01927.23	Mut7-C	Mut7-C RNAse domain	DUF82	DUF82	false	https://www.ebi.ac.uk/interpro/entry/pfam/PF01927/
PF01930	PF01930.24	Cas_Cas4	Domain of unknown function DUF83	DUF83	DUF83	false	https://www.ebi.ac.uk/interpro/entry/pfam/PF01930/
PF01931	PF01931.26	NTPase_I-T	Protein of unknown function DUF84	DUF84	DUF84	false	https://www.ebi.ac.uk/interpro/entry/pfam/PF01931/
PF01933	PF01933.24	CofD	2-phospho-L-lactate transferase CofD	UPF0052	UPF0052	false	https://www.ebi.ac.uk/interpro/entry/pfam/PF01933/
PF01934	PF01934.23	HepT-like	Ribonuclease HepT-like	DUF86	DUF86	false	https://www.ebi.ac.uk/interpro/entry/pfam/PF01934/
PF01936	PF01936.25	NYN	NYN domain	DUF88	DUF88	false	https://www.ebi.ac.uk/interpro/entry/pfam/PF01936/
PF01937	PF01937.25	ARMT1-like_dom	Damage-control phosphatase ARMT1-like domain	DUF89	DUF89	false	https://www.ebi.ac.uk/interpro/entry/pfam/PF01937/
PF01938	PF01938.27	TRAM	TRAM domain	DUF90	DUF90	false	https://www.ebi.ac.uk/interpro/entry/pfam/PF01938/
PF01939	PF01939.22	NucS_C	Endonuclease NucS C-terminal domain	DUF91	DUF91;NucS	false	https://www.ebi.ac.uk/interpro/entry/pfam/PF01939/
PF01941	PF01941.25	AdoMet_Synthase	S-adenosylmethionine synthetase (AdoMet synthetase)	DUF93	DUF93	false	https://www.ebi.ac.uk/interpro/entry/pfam/PF01941/
PF01944	PF01944.23	SpoIIM	Stage II sporulation protein M	DUF95	DUF95	false	https://www.ebi.ac.uk/interpro/entry/pfam/PF01944/
PF01947	PF01947.22	Rv2949c-like	Chorismate pyruvate-lyase Rv2949c-like	DUF98	DUF98	false	https://www.ebi.ac.uk/interpro/entry/pfam/PF01947/
PF01949	PF01949.24	Endo_dU	Endonuclease dU	DUF99	DUF99	false	https://www.ebi.ac.uk/interpro/entry/pfam/PF01949/
PF01950	PF01950.22	FBPase_3	Fructose-1,6-bisphosphatase	DUF100	DUF100	false	https://www.ebi.ac.uk/interpro/entry/pfam/PF01950/
PF01951	PF01951.22	Archease	Archease protein family (MTH1598/TM1083)	DUF101	DUF101	false	https://www.ebi.ac.uk/interpro/entry/pfam/PF01951/
PF01954	PF01954.23	AF2212-like	AF2212-like	DUF104	DUF104	false	https://www.ebi.ac.uk/interpro/entry/pfam/PF01954/
PF01955	PF01955.25	CbiZ	Adenosylcobinamide amidohydrolase	DUF105	DUF105	false	https://www.ebi.ac.uk/interpro/entry/pfam/PF01955/
PF01956	PF01956.22	EMC3_TMCO1	Integral membrane protein EMC3/TMCO1-like	DUF106	DUF106;Methyltrn_RNA_3	false	https://www.ebi.ac.uk/interpro/entry/pfam/PF01956/
PF01957	PF01957.26	NfeD	NfeD-like C-terminal, partner-binding domain	DUF107	DUF107	false	https://www.ebi.ac.uk/interpro/entry/pfam/PF01957/
PF01958	PF01958.25	Asp_DH_C	Aspartate dehydrogenase, C-terminal	DUF108	DUF108	false	https://www.ebi.ac.uk/interpro/entry/pfam/PF01958/
PF01959	PF01959.22	DHQS	3-dehydroquinate synthase II N-terminal domain	DUF109	DUF109	false	https://www.ebi.ac.uk/interpro/entry/pfam/PF01959/
PF01969	PF01969.23	Ni_insertion	Nickel insertion protein	DUF111	DUF111	false	https://www.ebi.ac.uk/interpro/entry/pfam/PF01969/
PF01970	PF01970.22	TctA	Tripartite tricarboxylate transporter TctA family	DUF112	DUF112	false	https://www.ebi.ac.uk/interpro/entry/pfam/PF01970/
PF01972	PF01972.22	SDH_protease	ClpP-like SDH-type serine proteinase	DUF114	DUF114;SDH_sah	false	https://www.ebi.ac.uk/interpro/entry/pfam/PF01972/
PF01973	PF01973.24	MptE-like	6-hydroxymethylpterin diphosphokinase MptE-like	DUF115	DUF115;MAF_flag10	false	https://www.ebi.ac.uk/interpro/entry/pfam/PF01973/
PF01977	PF01977.23	UbiD	3-octaprenyl-4-hydroxybenzoate carboxy-lyase Rift-related domain	DUF117;UPF0096	DUF117;UPF0096	false	https://www.ebi.ac.uk/interpro/entry/pfam/PF01977/
PF01978	PF01978.26	TrmB	Sugar-specific transcriptional regulator TrmB	DUF118	DUF118	false	https://www.ebi.ac.uk/interpro/entry/pfam/PF01978/
PF01980	PF01980.24	TrmO_N	tRNA-methyltransferase O N-terminal domain	UPF0066	UPF0066;TrmO	false	https://www.ebi.ac.uk/interpro/entry/pfam/PF01980/
PF01981	PF01981.22	PTH2	Peptidyl-tRNA hydrolase PTH2	DUF119;UPF0099	DUF119;UPF0099;Pep-tRNA_hydrol	false	https://www.ebi.ac.uk/interpro/entry/pfam/PF01981/
PF01982	PF01982.23	CTP-dep_RFKase	Domain of unknown function DUF120	DUF120	DUF120	false	https://www.ebi.ac.uk/interpro/entry/pfam/PF01982/
PF01983	PF01983.22	CofC	Guanylyl transferase CofC like	DUF121	DUF121	false	https://www.ebi.ac.uk/interpro/entry/pfam/PF01983/
PF01984	PF01984.26	dsDNA_bind	Double-stranded DNA-binding domain	DUF122	DUF122	false	https://www.ebi.ac.uk/interpro/entry/pfam/PF01984/
PF01985	PF01985.27	CRS1_YhbY	CRS1 / YhbY (CRM) domain	UPF0044	UPF0044	false	https://www.ebi.ac.uk/interpro/entry/pfam/PF01985/
PF01987	PF01987.24	AIM24	Mitochondrial biogenesis AIM24	DUF124	DUF124	false	https://www.ebi.ac.uk/interpro/entry/pfam/PF01987/
PF01988	PF01988.25	VIT1	VIT family	DUF125	DUF125	false	https://www.ebi.ac.uk/interpro/entry/pfam/PF01988/
PF01989	PF01989.25	AcnX_swivel_put	Aconitase X swivel domain	DUF126	DUF126	false	https://www.ebi.ac.uk/interpro/entry/pfam/PF01989/
PF01994	PF01994.22	Trm56	tRNA ribose 2'-O-methyltransferase, aTrm56	DUF127	DUF127	false	https://www.ebi.ac.uk/interpro/entry/pfam/PF01994/
PF01995	PF01995.22	NRD1_2	NrpR regulatory domains NRD1 and 2	DUF128	DUF128	false	https://www.ebi.ac.uk/interpro/entry/pfam/PF01995/
PF01996	PF01996.22	F420_ligase	F420-0:Gamma-glutamyl ligase	DUF129	DUF129	false	https://www.ebi.ac.uk/interpro/entry/pfam/PF01996/
PF01997	PF01997.22	Translin	Translin family	DUF130	DUF130	false	https://www.ebi.ac.uk/interpro/entry/pfam/PF01997/
PF02006	PF02006.24	PPS_PS	Phosphopantothenate/pantothenate synthetase	DUF137	DUF137	false	https://www.ebi.ac.uk/interpro/entry/pfam/PF02006/
PF02016	PF02016.22	Peptidase_S66	LD-carboxypeptidase N-terminal domain	UPF0094	UPF0094;Peptidase_U61	false	https://www.ebi.ac.uk/interpro/entry/pfam/PF02016/
PF02082	PF02082.27	Rrf2	Iron-dependent Transcriptional regulator	UPF0074	UPF0074	false	https://www.ebi.ac.uk/interpro/entry/pfam/PF02082/
PF02130	PF02130.25	YbeY	Endoribonuclease YbeY	UPF0054	UPF0054	false	https://www.ebi.ac.uk/interpro/entry/pfam/PF02130/
PF02343	PF02343.22	TRA-1_regulated	TRA-1 regulated protein R03H10.4	DUF130	DUF130;R03H10.4	false	https://www.ebi.ac.uk/interpro/entry/pfam/PF02343/
PF02363	PF02363.26	C_tripleX	Cysteine rich repeat	DUF139	DUF139	false	https://www.ebi.ac.uk/interpro/entry/pfam/PF02363/
PF02367	PF02367.24	TsaE	Threonylcarbamoyl adenosine biosynthesis protein TsaE	UPF0079	UPF0079	false	https://www.ebi.ac.uk/interpro/entry/pfam/PF02367/
PF02381	PF02381.24	MraZ	MraZ protein, putative antitoxin-like	UPF0040	UPF0040	false	https://www.ebi.ac.uk/interpro/entry/pfam/PF02381/
PF02405	PF02405.22	MlaE	Permease MlaE	DUF140	DUF140;Permease	false	https://www.ebi.ac.uk/interpro/entry/pfam/PF02405/
PF02408	PF02408.27	CUB_2	CUB-like domain	DUF141	DUF141	false	https://www.ebi.ac.uk/interpro/entry/pfam/PF02408/
PF02410	PF02410.23	RsfS	Ribosomal silencing factor during starvation	DUF143	DUF143;Oligomerisation	false	https://www.ebi.ac.uk/interpro/entry/pfam/PF02410/
PF02413	PF02413.23	Caudo_TAP	Caudovirales tail fibre assembly protein, lambda gpK	DUF144	DUF144	false	https://www.ebi.ac.uk/interpro/entry/pfam/PF02413/
PF02415	PF02415.24	Chlam_PMP	Chlamydia polymorphic membrane protein (Chlamydia_PMP) repeat	DUF145	DUF145;Chlamydia_PMP	false	https://www.ebi.ac.uk/interpro/entry/pfam/PF02415/
PF02457	PF02457.22	DAC	DisA bacterial checkpoint controller nucleotide-binding	DUF147	DUF147;DisA_N	false	https://www.ebi.ac.uk/interpro/entry/pfam/PF02457/
PF02520	PF02520.24	ANIS5_cation-bd	SXP/RAL-2 family protein Ani s 5-like, metal-binding domain	DUF148	DUF148	false	https://www.ebi.ac.uk/interpro/entry/pfam/PF02520/
PF02575	PF02575.23	YbaB_DNA_bd	YbaB/EbfC DNA-binding family	DUF149	DUF149	false	https://www.ebi.ac.uk/interpro/entry/pfam/PF02575/
PF02576	PF02576.23	RimP_N	RimP N-terminal domain	DUF150	DUF150	false	https://www.ebi.ac.uk/interpro/entry/pfam/PF02576/
PF02577	PF02577.20	BFN_dom	Bifunctional nuclease domain	DUF151	DUF151;DNase-RNase	false	https://www.ebi.ac.uk/interpro/entry/pfam/PF02577/
PF02578	PF02578.22	Cu-oxidase_4	Multi-copper polyphenol oxidoreductase laccase	DUF152	DUF152;Cu_oxidase_4	false	https://www.ebi.ac.uk/interpro/entry/pfam/PF02578/
PF02579	PF02579.24	Nitro_FeMo-Co	Dinitrogenase iron-molybdenum cofactor	DUF153	DUF153	false	https://www.ebi.ac.uk/interpro/entry/pfam/PF02579/
PF02580	PF02580.23	Tyr_Deacylase	D-Tyr-tRNA(Tyr) deacylase	DUF154	DUF154	false	https://www.ebi.ac.uk/interpro/entry/pfam/PF02580/
PF02583	PF02583.23	Trns_repr_metal	Metal-sensitive transcriptional repressor	DUF156	DUF156	false	https://www.ebi.ac.uk/interpro/entry/pfam/PF02583/
PF02585	PF02585.23	PIG-L	GlcNAc-PI de-N-acetylase	DUF158	DUF158	false	https://www.ebi.ac.uk/interpro/entry/pfam/PF02585/
PF02586	PF02586.20	SRAP	SOS response associated peptidase (SRAP)	DUF159	DUF159	false	https://www.ebi.ac.uk/interpro/entry/pfam/PF02586/
PF02588	PF02588.22	YitT_membrane	Uncharacterised 5xTM membrane BCR, YitT family COG1284	DUF161	DUF161	false	https://www.ebi.ac.uk/interpro/entry/pfam/PF02588/
PF02589	PF02589.22	LUD_dom	LUD domain	DUF162	DUF162	false	https://www.ebi.ac.uk/interpro/entry/pfam/PF02589/
PF02590	PF02590.23	SPOUT_MTase	Predicted SPOUT methyltransferase	DUF163	DUF163	false	https://www.ebi.ac.uk/interpro/entry/pfam/PF02590/
PF02591	PF02591.21	Zn_ribbon_9	C4-type zinc ribbon domain	DUF164	DUF164;Zn-ribbon_9;zf-RING_7	false	https://www.ebi.ac.uk/interpro/entry/pfam/PF02591/
PF02592	PF02592.21	Vut_1	Putative vitamin uptake transporter	DUF165	DUF165	false	https://www.ebi.ac.uk/interpro/entry/pfam/PF02592/
PF02593	PF02593.22	DUF166	Domain of unknown function	DUF166	DUF166;dTMP_synthase	true	https://www.ebi.ac.uk/interpro/entry/pfam/PF02593/
PF02594	PF02594.22	PF1765-like	PF1765 protein family	DUF167	DUF167	false	https://www.ebi.ac.uk/interpro/entry/pfam/PF02594/
PF02595	PF02595.21	Gly_kinase	Glycerate kinase family	DUF168	DUF168	false	https://www.ebi.ac.uk/interpro/entry/pfam/PF02595/
PF02597	PF02597.27	ThiS	ThiS family	DUF170	DUF170	false	https://www.ebi.ac.uk/interpro/entry/pfam/PF02597/
PF02598	PF02598.23	Methyltrn_RNA_3	Putative RNA methyltransferase	DUF171	DUF171	false	https://www.ebi.ac.uk/interpro/entry/pfam/PF02598/
PF02604	PF02604.27	PhdYeFM_antitox	Antitoxin Phd_YefM, type II toxin-antitoxin system	DUF172	DUF172;PhdYeFM	false	https://www.ebi.ac.uk/interpro/entry/pfam/PF02604/
PF02616	PF02616.20	SMC_ScpA	Segregation and condensation protein ScpA	DUF173	DUF173;ScpA_ScpB	false	https://www.ebi.ac.uk/interpro/entry/pfam/PF02616/
PF02617	PF02617.23	ClpS	ATP-dependent Clp protease adaptor protein ClpS	DUF174	DUF174	false	https://www.ebi.ac.uk/interpro/entry/pfam/PF02617/
PF02618	PF02618.22	YceG	YceG-like family	DUF175	DUF175;ADC_lyase	false	https://www.ebi.ac.uk/interpro/entry/pfam/PF02618/
PF02620	PF02620.23	YceD	Large ribosomal RNA subunit accumulation protein YceD	DUF177	DUF177	false	https://www.ebi.ac.uk/interpro/entry/pfam/PF02620/
PF02621	PF02621.20	VitK2_biosynth	Menaquinone biosynthesis	DUF178	DUF178	false	https://www.ebi.ac.uk/interpro/entry/pfam/PF02621/
PF02623	PF02623.22	FliW	FliW protein	DUF180	DUF180	false	https://www.ebi.ac.uk/interpro/entry/pfam/PF02623/
PF02624	PF02624.22	YcaO	YcaO cyclodehydratase, ATP-ad Mg2+-binding	DUF181	DUF181	false	https://www.ebi.ac.uk/interpro/entry/pfam/PF02624/
PF02625	PF02625.22	XdhC_CoxI	XdhC and CoxI family	DUF182	DUF182	false	https://www.ebi.ac.uk/interpro/entry/pfam/PF02625/
PF02626	PF02626.21	CT_A_B	Carboxyltransferase domain, subdomain A and B	DUF183	DUF183;AHS2	false	https://www.ebi.ac.uk/interpro/entry/pfam/PF02626/
PF02629	PF02629.26	CoA_binding	CoA binding domain	DUF184	DUF184	false	https://www.ebi.ac.uk/interpro/entry/pfam/PF02629/
PF02636	PF02636.24	Methyltransf_28	Putative S-adenosyl-L-methionine-dependent methyltransferase	DUF185	DUF185	false	https://www.ebi.ac.uk/interpro/entry/pfam/PF02636/
PF02637	PF02637.24	GatB_Yqey	GatB domain	DUF186	DUF186	false	https://www.ebi.ac.uk/interpro/entry/pfam/PF02637/
PF02638	PF02638.22	GHL10	Glycosyl hydrolase-like 10	DUF187	DUF187	false	https://www.ebi.ac.uk/interpro/entry/pfam/PF02638/
PF02645	PF02645.22	DegV	Uncharacterised protein, DegV family COG1307	DUF194	DUF194	false	https://www.ebi.ac.uk/interpro/entry/pfam/PF02645/
PF02646	PF02646.23	RmuC	RmuC family	DUF195	DUF195	false	https://www.ebi.ac.uk/interpro/entry/pfam/PF02646/
PF02649	PF02649.20	GCHY-1	Type I GTP cyclohydrolase folE2	DUF198	DUF198	false	https://www.ebi.ac.uk/interpro/entry/pfam/PF02649/
PF02650	PF02650.21	HTH_WhiA	WhiA C-terminal HTH domain	DUF199	DUF199	false	https://www.ebi.ac.uk/interpro/entry/pfam/PF02650/
PF02655	PF02655.20	ATP-grasp_3	ATP-grasp domain	DUF201	DUF201	false	https://www.ebi.ac.uk/interpro/entry/pfam/PF02655/
PF02657	PF02657.22	SufE	Fe-S metabolism associated domain	UPF0050	UPF0050	false	https://www.ebi.ac.uk/interpro/entry/pfam/PF02657/
PF02659	PF02659.22	Mntp	Putative manganese efflux pump	DUF204	DUF204	false	https://www.ebi.ac.uk/interpro/entry/pfam/PF02659/
PF02660	PF02660.22	G3P_acyltransf	Glycerol-3-phosphate acyltransferase	DUF205	DUF205	false	https://www.ebi.ac.uk/interpro/entry/pfam/PF02660/
PF02675	PF02675.23	AdoMet_dc	S-adenosylmethionine decarboxylase	DUF206	DUF206;AdoMetDC	false	https://www.ebi.ac.uk/interpro/entry/pfam/PF02675/
PF02676	PF02676.20	TYW3	Methyltransferase TYW3	DUF207	DUF207	false	https://www.ebi.ac.uk/interpro/entry/pfam/PF02676/
PF02677	PF02677.21	QueH	Epoxyqueuosine reductase QueH	DUF208	DUF208	false	https://www.ebi.ac.uk/interpro/entry/pfam/PF02677/
PF02678	PF02678.23	Pirin	Pirin	DUF209	DUF209	false	https://www.ebi.ac.uk/interpro/entry/pfam/PF02678/
PF02679	PF02679.22	ComA	(2R)-phospho-3-sulfolactate synthase (ComA)	DUF210	DUF210	false	https://www.ebi.ac.uk/interpro/entry/pfam/PF02679/
PF02682	PF02682.22	CT_C_D	Carboxyltransferase domain, subdomain C and D	DUF213	DUF213;AHS1	false	https://www.ebi.ac.uk/interpro/entry/pfam/PF02682/
PF02687	PF02687.28	FtsX	FtsX-like permease C-terminal	DUF214	DUF214	false	https://www.ebi.ac.uk/interpro/entry/pfam/PF02687/
PF02696	PF02696.20	SelO	Protein adenylyltransferase SelO	UPF0061	UPF0061	false	https://www.ebi.ac.uk/interpro/entry/pfam/PF02696/
PF02697	PF02697.22	VAPB_antitox	Putative antitoxin	DUF217	DUF217;VAPBC_antitox	false	https://www.ebi.ac.uk/interpro/entry/pfam/PF02697/
PF02699	PF02699.22	YajC	Preprotein translocase subunit	DUF219	DUF219	false	https://www.ebi.ac.uk/interpro/entry/pfam/PF02699/
PF02700	PF02700.21	PurS	Phosphoribosylformylglycinamidine (FGAM) synthase	UPF0062	UPF0062;PurC	false	https://www.ebi.ac.uk/interpro/entry/pfam/PF02700/
PF02714	PF02714.21	RSN1_7TM	Calcium-dependent channel, 7TM region, putative phosphate	DUF221	DUF221	false	https://www.ebi.ac.uk/interpro/entry/pfam/PF02714/
PF02754	PF02754.22	CCG	Cysteine-rich domain	DUF224	DUF224	false	https://www.ebi.ac.uk/interpro/entry/pfam/PF02754/
PF02958	PF02958.27	EcKL	Ecdysteroid kinase-like family	DUF227	DUF227;EcKinase	false	https://www.ebi.ac.uk/interpro/entry/pfam/PF02958/
PF02996	PF02996.23	Prefoldin	Prefoldin subunit	DUF232	DUF232	false	https://www.ebi.ac.uk/interpro/entry/pfam/PF02996/
PF03003	PF03003.22	Pox_G9-A16	Pox virus entry-fusion-complex G9/A16	DUF230	DUF230	false	https://www.ebi.ac.uk/interpro/entry/pfam/PF03003/
PF03006	PF03006.27	HlyIII	Haemolysin-III related	UPF0073	UPF0073	false	https://www.ebi.ac.uk/interpro/entry/pfam/PF03006/
PF03007	PF03007.22	WS_DGAT_cat	Wax ester synthase/diacylglycerol acyltransferase catalytic domain	UPF0089	UPF0089;WES_acyltransf	false	https://www.ebi.ac.uk/interpro/entry/pfam/PF03007/
PF03080	PF03080.23	Neprosin	Neprosin	DUF239	DUF239;Glucoamylase	false	https://www.ebi.ac.uk/interpro/entry/pfam/PF03080/
PF03087	PF03087.20	BPS1	Protein BPS1	DUF241	DUF241	false	https://www.ebi.ac.uk/interpro/entry/pfam/PF03087/
PF03136	PF03136.21	Pup_ligase	Pup-ligase protein	DUF245	DUF245;Proteosome_20S	false	https://www.ebi.ac.uk/interpro/entry/pfam/PF03136/
PF03141	PF03141.23	Methyltransf_29	Putative S-adenosyl-L-methionine-dependent methyltransferase	DUF248	DUF248	false	https://www.ebi.ac.uk/interpro/entry/pfam/PF03141/
PF03151	PF03151.23	TPT	Triose-phosphate Transporter family	DUF250	DUF250	false	https://www.ebi.ac.uk/interpro/entry/pfam/PF03151/
PF03159	PF03159.25	XRN_N	XRN 5'-3' exonuclease N-terminus	DUF251	DUF251	false	https://www.ebi.ac.uk/interpro/entry/pfam/PF03159/
PF03162	PF03162.19	Y_phosphatase2	Tyrosine phosphatase family	DUF252	DUF252	false	https://www.ebi.ac.uk/interpro/entry/pfam/PF03162/
PF03189	PF03189.19	Otopetrin	Otopetrin	DUF270	DUF270	false	https://www.ebi.ac.uk/interpro/entry/pfam/PF03189/
PF03190	PF03190.22	Thioredox_DsbH	Protein of unknown function, DUF255	DUF255	DUF255	false	https://www.ebi.ac.uk/interpro/entry/pfam/PF03190/
PF03193	PF03193.23	RsgA_GTPase	RsgA GTPase	DUF258	DUF258	false	https://www.ebi.ac.uk/interpro/entry/pfam/PF03193/
PF03194	PF03194.21	LUC7	LUC7 N_terminus	DUF259	DUF259	false	https://www.ebi.ac.uk/interpro/entry/pfam/PF03194/
PF03195	PF03195.20	LOB	Lateral organ boundaries (LOB) domain	DUF260	DUF260	false	https://www.ebi.ac.uk/interpro/entry/pfam/PF03195/
PF03235	PF03235.20	GmrSD_N	GmrSD restriction endonuclease, N-terminal domain	DUF262	DUF262	false	https://www.ebi.ac.uk/interpro/entry/pfam/PF03235/
PF03237	PF03237.22	Terminase_6N	Terminase large subunit, T4likevirus-type, N-terminal	DUF264	DUF264;Terminase_6	false	https://www.ebi.ac.uk/interpro/entry/pfam/PF03237/
PF03266	PF03266.22	NTPase_1	NTPase	DUF265	DUF265	false	https://www.ebi.ac.uk/interpro/entry/pfam/PF03266/
PF03353	PF03353.21	Lin-8	Ras-mediated vulval-induction antagonist	DUF278	DUF278;Lin-8_Ec;Lin-8_Ce	false	https://www.ebi.ac.uk/interpro/entry/pfam/PF03353/
PF03357	PF03357.27	Snf7	Snf7	DUF279	DUF279;SNF7;ESCRT-III	false	https://www.ebi.ac.uk/interpro/entry/pfam/PF03357/
PF03368	PF03368.20	Dicer_dimer	Dicer dimerisation domain	DUF283	DUF283;dsRNA_bind	false	https://www.ebi.ac.uk/interpro/entry/pfam/PF03368/
PF03381	PF03381.21	CDC50	LEM3 (ligand-effect modulator 3) family / CDC50 family	DUF284	DUF284	false	https://www.ebi.ac.uk/interpro/entry/pfam/PF03381/
PF03383	PF03383.22	Serpentine_r_xa	Caenorhabditis serpentine receptor-like protein, class xa	DUF286	DUF286	false	https://www.ebi.ac.uk/interpro/entry/pfam/PF03383/
PF03385	PF03385.24	STELLO	STELLO glycosyltransferases	DUF288	DUF288	false	https://www.ebi.ac.uk/interpro/entry/pfam/PF03385/
PF03398	PF03398.20	Ist1	Regulator of Vps4 activity in the MVB pathway	DUF292	DUF292	false	https://www.ebi.ac.uk/interpro/entry/pfam/PF03398/
PF03401	PF03401.19	TctC	Tripartite tricarboxylate transporter family receptor	UPF0065	UPF0065;Bug	false	https://www.ebi.ac.uk/interpro/entry/pfam/PF03401/
PF03407	PF03407.23	Nucleotid_trans	Nucleotide-diphospho-sugar transferase	DUF271	DUF271	false	https://www.ebi.ac.uk/interpro/entry/pfam/PF03407/
PF03409	PF03409.21	Glycoprotein	Transmembrane glycoprotein	DUF274	DUF274;Glycoprotein_Ce	false	https://www.ebi.ac.uk/interpro/entry/pfam/PF03409/
PF03442	PF03442.21	CBM_X2	Carbohydrate binding domain X2	DUF291	DUF291	false	https://www.ebi.ac.uk/interpro/entry/pfam/PF03442/
PF03444	PF03444.22	WHD_HrcA	Winged helix-turn-helix transcription repressor, HrcA DNA-binding	DUF293	DUF293;HrcA_DNA-bdg	false	https://www.ebi.ac.uk/interpro/entry/pfam/PF03444/
PF03458	PF03458.19	Gly_transporter	Glycine transporter	UPF0126	UPF0126	false	https://www.ebi.ac.uk/interpro/entry/pfam/PF03458/
PF03478	PF03478.25	Beta-prop_KIB1-4	KIB1-4 beta-propeller	DUF295	DUF295	false	https://www.ebi.ac.uk/interpro/entry/pfam/PF03478/
PF03479	PF03479.22	PCC	Plants and Prokaryotes Conserved (PCC) domain	DUF296	DUF296	false	https://www.ebi.ac.uk/interpro/entry/pfam/PF03479/
PF03537	PF03537.21	Glyco_hydro_114	Glycoside-hydrolase family GH114	DUF297	DUF297;Glyco_hydro_114;GHL7	false	https://www.ebi.ac.uk/interpro/entry/pfam/PF03537/
PF03556	PF03556.22	Cullin_binding	Cullin binding	DUF298	DUF298	false	https://www.ebi.ac.uk/interpro/entry/pfam/PF03556/
PF03618	PF03618.21	Kinase-PPPase	Kinase/pyrophosphorylase	DUF299	DUF299	false	https://www.ebi.ac.uk/interpro/entry/pfam/PF03618/
PF03619	PF03619.23	Solute_trans_a	Organic solute transporter Ostalpha	DUF300	DUF300	false	https://www.ebi.ac.uk/interpro/entry/pfam/PF03619/
PF03629	PF03629.25	SASA	Carbohydrate esterase, sialic acid-specific acetylesterase	DUF303	DUF303	false	https://www.ebi.ac.uk/interpro/entry/pfam/PF03629/
PF03647	PF03647.19	Tmemb_14	Transmembrane proteins 14C	UPF0136	UPF0136;TMEM14	false	https://www.ebi.ac.uk/interpro/entry/pfam/PF03647/
PF03650	PF03650.20	MPC	Mitochondrial pyruvate carriers	UPF0041	UPF0041	false	https://www.ebi.ac.uk/interpro/entry/pfam/PF03650/
PF03652	PF03652.21	RuvX	Holliday junction resolvase	UPF0081	UPF0081	false	https://www.ebi.ac.uk/interpro/entry/pfam/PF03652/
PF03656	PF03656.19	Pam16	Pam16	UPF0108	UPF0108	false	https://www.ebi.ac.uk/interpro/entry/pfam/PF03656/
PF03658	PF03658.22	Ub-RnfH	RnfH family Ubiquitin	UPF0125	UPF0125	false	https://www.ebi.ac.uk/interpro/entry/pfam/PF03658/
PF03660	PF03660.21	PHF5	PHF5-like protein	UPF0123	UPF0123	false	https://www.ebi.ac.uk/interpro/entry/pfam/PF03660/
PF03661	PF03661.19	TMEM33_Pom33	Transmembrane protein 33/Nucleoporin POM33	UPF0121	UPF0121	false	https://www.ebi.ac.uk/interpro/entry/pfam/PF03661/
PF03666	PF03666.19	NPR3	Nitrogen Permease regulator of amino acid transport activity 3	UPF0171	UPF0171	false	https://www.ebi.ac.uk/interpro/entry/pfam/PF03666/
PF03668	PF03668.22	RapZ-like_N	RapZ-like N-terminal domain	UPF0042	UPF0042;ATP_bind2;ATP_bind_2	false	https://www.ebi.ac.uk/interpro/entry/pfam/PF03668/
PF03669	PF03669.19	ASTER	PAT complex subunit Asterix	UPF0139	UPF0139	false	https://www.ebi.ac.uk/interpro/entry/pfam/PF03669/
PF03671	PF03671.22	Ufm1	Ubiquitin fold modifier 1 protein	UPF0185	UPF0185	false	https://www.ebi.ac.uk/interpro/entry/pfam/PF03671/
PF03676	PF03676.20	PHAF1	Phagosome assembly factor 1	UPF0183	UPF0183	false	https://www.ebi.ac.uk/interpro/entry/pfam/PF03676/
PF03690	PF03690.19	MYG1_exonuc	Uncharacterised protein family (UPF0160)	UPF0160	UPF0160	false	https://www.ebi.ac.uk/interpro/entry/pfam/PF03690/
PF03692	PF03692.21	CxxCxxCC	Putative zinc- or iron-chelating domain	UPF0153	UPF0153;FliB	false	https://www.ebi.ac.uk/interpro/entry/pfam/PF03692/
PF03694	PF03694.19	Erg28	Erg28 like protein	UPF0143	UPF0143	false	https://www.ebi.ac.uk/interpro/entry/pfam/PF03694/
PF03702	PF03702.21	AnmK	Anhydro-N-acetylmuramic acid kinase	UPF0075	UPF0075	false	https://www.ebi.ac.uk/interpro/entry/pfam/PF03702/
PF03703	PF03703.22	bPH_2	Bacterial PH domain	DUF304	DUF304	false	https://www.ebi.ac.uk/interpro/entry/pfam/PF03703/
PF03706	PF03706.19	LPG_synthase_TM	Lysylphosphatidylglycerol synthase TM region	UPF0104	UPF0104	false	https://www.ebi.ac.uk/interpro/entry/pfam/PF03706/
PF03715	PF03715.19	Noc2	Noc2p family	UPF0120	UPF0120	false	https://www.ebi.ac.uk/interpro/entry/pfam/PF03715/
PF03724	PF03724.24	META	META domain	DUF306	DUF306	false	https://www.ebi.ac.uk/interpro/entry/pfam/PF03724/
PF03733	PF03733.19	YccF	Inner membrane component domain	DUF307	DUF307	false	https://www.ebi.ac.uk/interpro/entry/pfam/PF03733/
PF03750	PF03750.19	Csm2_III-A	Csm2 Type III-A	DUF310	DUF310	false	https://www.ebi.ac.uk/interpro/entry/pfam/PF03750/
PF03752	PF03752.19	ALF	Short repeats of unknown function	DUF312	DUF312	false	https://www.ebi.ac.uk/interpro/entry/pfam/PF03752/
PF03754	PF03754.20	At2g31720-like	B3 domain-containing protein At2g31720-like	DUF313	DUF313	false	https://www.ebi.ac.uk/interpro/entry/pfam/PF03754/
PF03759	PF03759.19	PRONE	PRONE (Plant-specific Rop nucleotide exchanger)	DUF315	DUF315	false	https://www.ebi.ac.uk/interpro/entry/pfam/PF03759/
PF03771	PF03771.22	SPDY	Domain of unknown function (DUF317)	DUF317	DUF317	false	https://www.ebi.ac.uk/interpro/entry/pfam/PF03771/
PF03773	PF03773.20	ArsP_1	Predicted permease	DUF318	DUF318	false	https://www.ebi.ac.uk/interpro/entry/pfam/PF03773/
PF03777	PF03777.19	ChpA-C	ChpA-C	DUF320	DUF320	false	https://www.ebi.ac.uk/interpro/entry/pfam/PF03777/
PF03780	PF03780.20	Asp23	Asp23 family, cell envelope-related function	DUF322	DUF322	false	https://www.ebi.ac.uk/interpro/entry/pfam/PF03780/
PF03781	PF03781.24	FGE-sulfatase	Sulfatase-modifying factor enzyme 1-like domain	DUF323	DUF323	false	https://www.ebi.ac.uk/interpro/entry/pfam/PF03781/
PF03787	PF03787.21	RAMPs	RAMP superfamily	DUF324	DUF324	false	https://www.ebi.ac.uk/interpro/entry/pfam/PF03787/
PF03860	PF03860.22	Csp	Copper storage protein	DUF326	DUF326	false	https://www.ebi.ac.uk/interpro/entry/pfam/PF03860/
PF03883	PF03883.21	H2O2_YaaD	Peroxide stress protein YaaA	DUF328	DUF328	false	https://www.ebi.ac.uk/interpro/entry/pfam/PF03883/
PF03884	PF03884.21	YacG	DNA gyrase inhibitor YacG	DUF329	DUF329	false	https://www.ebi.ac.uk/interpro/entry/pfam/PF03884/
PF03886	PF03886.19	ABC_trans_aux	ABC-type transport auxiliary lipoprotein component	DUF330	DUF330	false	https://www.ebi.ac.uk/interpro/entry/pfam/PF03886/
PF03889	PF03889.19	ArfA	Alternative ribosome-rescue factor A	DUF331	DUF331	false	https://www.ebi.ac.uk/interpro/entry/pfam/PF03889/
PF03928	PF03928.21	HbpS-like	Haem degrading protein HbpS-like	DUF336	DUF336;Haem_degrading	false	https://www.ebi.ac.uk/interpro/entry/pfam/PF03928/
PF03929	PF03929.22	PepSY_TM	PepSY-associated TM region	DUF337	DUF337	false	https://www.ebi.ac.uk/interpro/entry/pfam/PF03929/
PF03935	PF03935.23	SKN1_KRE6_Sbg1	Beta-glucan synthesis-associated protein SKN1/KRE6/Sbg1	DUF338	DUF338;SKN1	false	https://www.ebi.ac.uk/interpro/entry/pfam/PF03935/
PF03937	PF03937.22	Sdh5	Flavinator of succinate dehydrogenase	DUF339	DUF339;TPR_div1	false	https://www.ebi.ac.uk/interpro/entry/pfam/PF03937/
PF03956	PF03956.19	Lys_export	Lysine exporter LysO	DUF340	DUF340	false	https://www.ebi.ac.uk/interpro/entry/pfam/PF03956/
PF03959	PF03959.20	FSH1	Serine hydrolase (FSH1)	DUF341	DUF341	false	https://www.ebi.ac.uk/interpro/entry/pfam/PF03959/
PF03961	PF03961.20	FapA	Flagellar Assembly Protein A beta solenoid domain	DUF342	DUF342	false	https://www.ebi.ac.uk/interpro/entry/pfam/PF03961/
PF03966	PF03966.23	Trm112p	Trm112p-like protein	DUF343	DUF343	false	https://www.ebi.ac.uk/interpro/entry/pfam/PF03966/
PF03976	PF03976.21	PPK2	Polyphosphate kinase 2 (PPK2)	DUF344	DUF344	false	https://www.ebi.ac.uk/interpro/entry/pfam/PF03976/
PF03978	PF03978.19	Borrelia_REV	Borrelia burgdorferi REV protein	DUF345	DUF345	false	https://www.ebi.ac.uk/interpro/entry/pfam/PF03978/
PF03995	PF03995.19	Inhibitor_I36	Peptidase inhibitor family I36	DUF351	DUF351	false	https://www.ebi.ac.uk/interpro/entry/pfam/PF03995/
PF04001	PF04001.19	Vhr1	Transcription factor Vhr1	DUF352	DUF352	false	https://www.ebi.ac.uk/interpro/entry/pfam/PF04001/
PF04002	PF04002.21	RadC	RadC-like JAB domain	DUF2466	RadC;DUF2466	false	https://www.ebi.ac.uk/interpro/entry/pfam/PF04002/
PF04008	PF04008.20	Adenosine_kin	Adenosine specific kinase	DUF355	DUF355	false	https://www.ebi.ac.uk/interpro/entry/pfam/PF04008/
PF04013	PF04013.18	Methyltrn_RNA_2	Putative SAM-dependent RNA methyltransferase	DUF358	DUF358	false	https://www.ebi.ac.uk/interpro/entry/pfam/PF04013/
PF04018	PF04018.19	VCA0040-like	Undecaprenyl phosphate translocase-like	DUF368	DUF368	false	https://www.ebi.ac.uk/interpro/entry/pfam/PF04018/
PF04020	PF04020.19	Phage_holin_4_2	Mycobacterial 4 TMS phage holin, superfamily IV	DUF360	DUF360	false	https://www.ebi.ac.uk/interpro/entry/pfam/PF04020/
PF04021	PF04021.18	Class_IIIsignal	Class III signal peptide	DUF361	DUF361;Type_III_signal	false	https://www.ebi.ac.uk/interpro/entry/pfam/PF04021/
PF04025	PF04025.19	RemA-like	Extracellular matrix regulatory protein A-like	DUF370	DUF370	false	https://www.ebi.ac.uk/interpro/entry/pfam/PF04025/
PF04032	PF04032.23	Rpr2	RNAse P Rpr2/Rpp21/SNM1 subunit domain	DUF363	DUF363	false	https://www.ebi.ac.uk/interpro/entry/pfam/PF04032/
PF04034	PF04034.19	Ribo_biogen_C	Ribosome biogenesis protein, C-terminal	DUF367	DUF367	false	https://www.ebi.ac.uk/interpro/entry/pfam/PF04034/
PF04038	PF04038.18	DHNA	Dihydroneopterin aldolase	DUF381	DUF381	false	https://www.ebi.ac.uk/interpro/entry/pfam/PF04038/
PF04041	PF04041.20	Glyco_hydro_130	beta-1,4-mannooligosaccharide phosphorylase	DUF377	DUF377	false	https://www.ebi.ac.uk/interpro/entry/pfam/PF04041/
PF04071	PF04071.18	zf-like	Cysteine-rich small domain	DUF379	DUF379;zf_like	false	https://www.ebi.ac.uk/interpro/entry/pfam/PF04071/
PF04075	PF04075.21	F420H2_quin_red	F420H(2)-dependent quinone reductase	DUF385	DUF385	false	https://www.ebi.ac.uk/interpro/entry/pfam/PF04075/
PF04076	PF04076.20	BOF	Bacterial OB fold (BOF) protein	DUF388	DUF388	false	https://www.ebi.ac.uk/interpro/entry/pfam/PF04076/
PF04079	PF04079.23	SMC_ScpB	Segregation and condensation complex subunit ScpB	DUF387	DUF387	false	https://www.ebi.ac.uk/interpro/entry/pfam/PF04079/
PF04126	PF04126.19	Cyclophil_like	Cyclophilin-like	DUF369	DUF369	false	https://www.ebi.ac.uk/interpro/entry/pfam/PF04126/
PF04134	PF04134.18	DCC1-like	DCC1-like thiol-disulfide oxidoreductase	DUF393	DUF393	false	https://www.ebi.ac.uk/interpro/entry/pfam/PF04134/
PF04143	PF04143.20	Sulf_transp	Sulphur transport	DUF395	DUF395	false	https://www.ebi.ac.uk/interpro/entry/pfam/PF04143/
PF04148	PF04148.19	Erv26	Transmembrane adaptor Erv26	DUF396	DUF396	false	https://www.ebi.ac.uk/interpro/entry/pfam/PF04148/
PF04155	PF04155.24	Ground-like	Ground-like domain	DUF398	DUF398	false	https://www.ebi.ac.uk/interpro/entry/pfam/PF04155/
PF04168	PF04168.18	Alpha-E	A predicted alpha-helical domain with a conserved ER motif.	DUF403	DUF403	false	https://www.ebi.ac.uk/interpro/entry/pfam/PF04168/
PF04174	PF04174.19	CP_ATPgrasp_1	A circularly permuted ATPgrasp	DUF407	DUF407	false	https://www.ebi.ac.uk/interpro/entry/pfam/PF04174/
PF04181	PF04181.19	RPAP2_Rtr1	Rtr1/RPAP2 family	DUF408	DUF408	false	https://www.ebi.ac.uk/interpro/entry/pfam/PF04181/
PF04187	PF04187.19	Cofac_haem_bdg	Haem-binding uptake, Tiki superfamily, ChaN	DUF399	DUF399	false	https://www.ebi.ac.uk/interpro/entry/pfam/PF04187/
PF04188	PF04188.19	Mannosyl_trans2	Mannosyltransferase (PIG-V)	DUF409	DUF409	false	https://www.ebi.ac.uk/interpro/entry/pfam/PF04188/
PF04190	PF04190.20	GET4	Golgi to ER traffic protein 4	DUF410	DUF410	false	https://www.ebi.ac.uk/interpro/entry/pfam/PF04190/
PF04220	PF04220.18	YihI	Der GTPase activator (YihI)	DUF414	DUF414	false	https://www.ebi.ac.uk/interpro/entry/pfam/PF04220/
PF04221	PF04221.19	RelB	RelB antitoxin	DUF415	DUF415	false	https://www.ebi.ac.uk/interpro/entry/pfam/PF04221/
PF04229	PF04229.21	GrpB	GrpB protein	UPF0157	UPF0157	false	https://www.ebi.ac.uk/interpro/entry/pfam/PF04229/
PF04237	PF04237.19	YjbR	YjbR	DUF419	DUF419	false	https://www.ebi.ac.uk/interpro/entry/pfam/PF04237/
PF04240	PF04240.18	Caroten_synth	Carotenoid biosynthesis protein	DUF422	DUF422	false	https://www.ebi.ac.uk/interpro/entry/pfam/PF04240/
PF04244	PF04244.20	DPRP	Deoxyribodipyrimidine photo-lyase-related protein	DUF426	DUF426	false	https://www.ebi.ac.uk/interpro/entry/pfam/PF04244/
PF04248	PF04248.21	NTP_transf_9	Domain of unknown function (DUF427)	DUF427	DUF427	false	https://www.ebi.ac.uk/interpro/entry/pfam/PF04248/
PF04252	PF04252.19	SFM1-like	Protein arginine N-methyltransferase SFM1-like	DUF431	DUF431;RNA_Me_trans	false	https://www.ebi.ac.uk/interpro/entry/pfam/PF04252/
PF04258	PF04258.19	Peptidase_A22B	Signal peptide peptidase	DUF435	DUF435	false	https://www.ebi.ac.uk/interpro/entry/pfam/PF04258/
PF04266	PF04266.22	ASCH	ASCH domain	DUF437	DUF437	false	https://www.ebi.ac.uk/interpro/entry/pfam/PF04266/
PF04273	PF04273.18	BLH_phosphatase	Beta-lactamase hydrolase-like protein, phosphatase-like domain	DUF442	DUF442	false	https://www.ebi.ac.uk/interpro/entry/pfam/PF04273/
PF04283	PF04283.18	CheF-arch	Archaeal Chemotaxis signal transduction system protein F	DUF439	DUF439	false	https://www.ebi.ac.uk/interpro/entry/pfam/PF04283/
PF04289	PF04289.19	DUF447_N	Protein of unknown function (DUF447) N-terminal domain	DUF447	DUF447	true	https://www.ebi.ac.uk/interpro/entry/pfam/PF04289/
PF04296	PF04296.19	YlxR	Protein of unknown function (DUF448)	DUF448	DUF448	false	https://www.ebi.ac.uk/interpro/entry/pfam/PF04296/
PF04299	PF04299.19	FMN_bind_2	Putative FMN-binding domain	DUF449	DUF449;Neg_reg	false	https://www.ebi.ac.uk/interpro/entry/pfam/PF04299/
PF04301	PF04301.20	BioG	Pimeloyl-ACP methyl esterase BioG	DUF452	DUF452	false	https://www.ebi.ac.uk/interpro/entry/pfam/PF04301/
PF04303	PF04303.19	PrpF	PrpF protein	DUF453	DUF453	false	https://www.ebi.ac.uk/interpro/entry/pfam/PF04303/
PF04307	PF04307.20	YdjM	YdjM inner membrane protein	DUF457	DUF457	false	https://www.ebi.ac.uk/interpro/entry/pfam/PF04307/
PF04308	PF04308.19	RNaseH_like	Ribonuclease H-like	DUF458	DUF458	false	https://www.ebi.ac.uk/interpro/entry/pfam/PF04308/
PF04313	PF04313.21	HSDR_N	Type I restriction enzyme R protein N terminus (HSDR_N)	DUF450	DUF450	false	https://www.ebi.ac.uk/interpro/entry/pfam/PF04313/
PF04314	PF04314.19	LpqE-like	Putative lipoprotein LpqE-like	DUF461	DUF461;PCuAC	false	https://www.ebi.ac.uk/interpro/entry/pfam/PF04314/
PF04315	PF04315.18	EpmC	Elongation factor P hydroxylase	DUF462	DUF462	false	https://www.ebi.ac.uk/interpro/entry/pfam/PF04315/
PF04320	PF04320.20	YggL_50S_bp	YggL 50S ribosome-binding protein	DUF469	DUF469	false	https://www.ebi.ac.uk/interpro/entry/pfam/PF04320/
PF04326	PF04326.20	SLFN_AlbA_2	Schlafen, AlbA_2	DUF467	DUF467;AAA_div;AAA_4;AlbA_2	false	https://www.ebi.ac.uk/interpro/entry/pfam/PF04326/
PF04327	PF04327.18	Peptidase_Prp	Cysteine protease Prp	DUF464	DUF464;Peptidase_C108	false	https://www.ebi.ac.uk/interpro/entry/pfam/PF04327/
PF04328	PF04328.19	Sel_put	Selenoprotein, putative	DUF466	DUF466	false	https://www.ebi.ac.uk/interpro/entry/pfam/PF04328/
PF04336	PF04336.19	ACP_PD	Acyl carrier protein phosphodiesterase	DUF479	DUF479	false	https://www.ebi.ac.uk/interpro/entry/pfam/PF04336/
PF04339	PF04339.19	FemAB_like	Peptidogalycan biosysnthesis/recognition	DUF482	DUF482	false	https://www.ebi.ac.uk/interpro/entry/pfam/PF04339/
PF04342	PF04342.19	DMT_6	Putative member of DMT superfamily (DUF486)	DUF486	DUF486	false	https://www.ebi.ac.uk/interpro/entry/pfam/PF04342/
PF04357	PF04357.20	TamB	TamB C-terminal domain	DUF490	DUF490	false	https://www.ebi.ac.uk/interpro/entry/pfam/PF04357/
PF04362	PF04362.20	Iron_traffic	Bacterial Fe(2+) trafficking	DUF495	DUF495	false	https://www.ebi.ac.uk/interpro/entry/pfam/PF04362/
PF04365	PF04365.20	BrnT_toxin	Ribonuclease toxin, BrnT, of type II toxin-antitoxin system	DUF497	DUF497	false	https://www.ebi.ac.uk/interpro/entry/pfam/PF04365/
PF04366	PF04366.18	Ysc84	Las17-binding protein actin regulator	DUF500	DUF500	false	https://www.ebi.ac.uk/interpro/entry/pfam/PF04366/
PF04375	PF04375.20	HemX	HemX, putative uroporphyrinogen-III C-methyltransferase	DUF513	DUF513	false	https://www.ebi.ac.uk/interpro/entry/pfam/PF04375/
PF04378	PF04378.20	RsmJ	Ribosomal RNA large subunit methyltransferase D, RlmJ	DUF519	DUF519	false	https://www.ebi.ac.uk/interpro/entry/pfam/PF04378/
PF04380	PF04380.19	BMFP	Membrane fusogenic activity	DUF526	DUF526	false	https://www.ebi.ac.uk/interpro/entry/pfam/PF04380/
PF04384	PF04384.19	Fe-S_assembly	Iron-sulphur cluster assembly	DUF528	DUF528	false	https://www.ebi.ac.uk/interpro/entry/pfam/PF04384/
PF04385	PF04385.21	FAINT	Domain of unknown function, DUF529	DUF529	DUF529	false	https://www.ebi.ac.uk/interpro/entry/pfam/PF04385/
PF04390	PF04390.18	LptE	Lipopolysaccharide-assembly	DUF532	DUF532;RplB	false	https://www.ebi.ac.uk/interpro/entry/pfam/PF04390/
PF04392	PF04392.19	ABC_sub_bind	ABC transporter substrate binding protein	DUF534	DUF534	false	https://www.ebi.ac.uk/interpro/entry/pfam/PF04392/
PF04400	PF04400.19	NqrM	(Na+)-NQR maturation NqrM	DUF539	DUF539	false	https://www.ebi.ac.uk/interpro/entry/pfam/PF04400/
PF04402	PF04402.20	SIMPL	Protein of unknown function (DUF541)	DUF541	DUF541	false	https://www.ebi.ac.uk/interpro/entry/pfam/PF04402/
PF04411	PF04411.19	PDDEXK_7	PD-(D/E)XK nuclease superfamily	DUF524	DUF524	false	https://www.ebi.ac.uk/interpro/entry/pfam/PF04411/
PF04412	PF04412.20	AcnX	Aconitase X first domain	DUF521	DUF521	false	https://www.ebi.ac.uk/interpro/entry/pfam/PF04412/
PF04414	PF04414.19	tRNA_deacylase	D-aminoacyl-tRNA deacylase	DUF516	DUF516	false	https://www.ebi.ac.uk/interpro/entry/pfam/PF04414/
PF04424	PF04424.20	MINDY_DUB	MINDY deubiquitinase	DUF544	DUF544	false	https://www.ebi.ac.uk/interpro/entry/pfam/PF04424/
PF04435	PF04435.24	SPK	Domain of unknown function (DUF545)	DUF545	DUF545	false	https://www.ebi.ac.uk/interpro/entry/pfam/PF04435/
PF04440	PF04440.22	Dysbindin	Dysbindin (Dystrobrevin binding protein 1)	DUF546	DUF546	false	https://www.ebi.ac.uk/interpro/entry/pfam/PF04440/
PF04445	PF04445.20	SAM_MT	Putative SAM-dependent methyltransferase	DUF548	DUF548	false	https://www.ebi.ac.uk/interpro/entry/pfam/PF04445/
PF04446	PF04446.18	Thg1	tRNAHis guanylyltransferase	DUF549	DUF549	false	https://www.ebi.ac.uk/interpro/entry/pfam/PF04446/
PF04447	PF04447.18	dATP-dGTP_PPHyd	dATP/dGTP pyrophosphohydrolase	DUF550	DUF550	false	https://www.ebi.ac.uk/interpro/entry/pfam/PF04447/
PF04452	PF04452.20	Methyltrans_RNA	RNA methyltransferase domain	DUF558	DUF558	false	https://www.ebi.ac.uk/interpro/entry/pfam/PF04452/
PF04457	PF04457.18	MJ1316	MJ1316 RNA cyclic group end recognition domain	DUF504	DUF504	false	https://www.ebi.ac.uk/interpro/entry/pfam/PF04457/
PF04461	PF04461.19	YajQ	Nucleotide-binding protein YajQ-like	DUF520	DUF520;YajQ-like	false	https://www.ebi.ac.uk/interpro/entry/pfam/PF04461/
PF04463	PF04463.18	2-thiour_desulf	2-thiouracil desulfurase	DUF523	DUF523	false	https://www.ebi.ac.uk/interpro/entry/pfam/PF04463/
PF04472	PF04472.18	SepF	Cell division protein SepF	DUF552	DUF552	false	https://www.ebi.ac.uk/interpro/entry/pfam/PF04472/
PF04476	PF04476.20	4HFCP_synth	4-HFC-P synthase	DUF556	DUF556	false	https://www.ebi.ac.uk/interpro/entry/pfam/PF04476/
PF04484	PF04484.19	QWRF	QWRF family	DUF566	DUF566	false	https://www.ebi.ac.uk/interpro/entry/pfam/PF04484/
PF04502	PF04502.19	Saf4_Yju2	Saf4/Yju2 protein	DUF572	DUF572	false	https://www.ebi.ac.uk/interpro/entry/pfam/PF04502/
PF04504	PF04504.21	GeBP-like_DBD	Glabrous-enhancer-binding protein-like family, DBD domain	DUF573	DUF573	false	https://www.ebi.ac.uk/interpro/entry/pfam/PF04504/
PF04515	PF04515.19	Choline_transpo	Plasma-membrane choline transporter	DUF580	DUF580	false	https://www.ebi.ac.uk/interpro/entry/pfam/PF04515/
PF04518	PF04518.18	Effector_1	Effector from type III secretion system	DUF582	DUF582	false	https://www.ebi.ac.uk/interpro/entry/pfam/PF04518/
PF04519	PF04519.20	Bactofilin	Polymer-forming cytoskeletal	DUF583	DUF583	false	https://www.ebi.ac.uk/interpro/entry/pfam/PF04519/
PF04520	PF04520.19	Senescence_reg	Senescence regulator	DUF584	DUF584	false	https://www.ebi.ac.uk/interpro/entry/pfam/PF04520/
PF04522	PF04522.19	BBMV_Gp1_N	Broad bean mottle virus, Gp1, N-terminal	DUF585	DUF585	false	https://www.ebi.ac.uk/interpro/entry/pfam/PF04522/
PF04525	PF04525.20	LOR	LURP-one-related	DUF567	DUF567;Tub_2	false	https://www.ebi.ac.uk/interpro/entry/pfam/PF04525/
PF04535	PF04535.18	CASP_dom	Casparian strip membrane protein domain	DUF588	DUF588	false	https://www.ebi.ac.uk/interpro/entry/pfam/PF04535/
PF04536	PF04536.21	TPM_phosphatase	TPM domain	DUF477	DUF477;Repair_PSII;Phosphatase;TPM;TL_phosphatase	false	https://www.ebi.ac.uk/interpro/entry/pfam/PF04536/
PF04547	PF04547.18	Anoctamin	Calcium-activated chloride channel	DUF590	DUF590	false	https://www.ebi.ac.uk/interpro/entry/pfam/PF04547/
PF04570	PF04570.21	zf-FLZ	zinc-finger of the FCS-type, C2-C2	DUF581	DUF581	false	https://www.ebi.ac.uk/interpro/entry/pfam/PF04570/
PF04575	PF04575.20	SlipAM	Surface lipoprotein assembly modifier	DUF560	DUF560	false	https://www.ebi.ac.uk/interpro/entry/pfam/PF04575/
PF04576	PF04576.21	Zein-binding	Zein-binding	DUF593	DUF593	false	https://www.ebi.ac.uk/interpro/entry/pfam/PF04576/
PF04577	PF04577.20	Glyco_transf_61	Glycosyltransferase 61	DUF563	DUF563	false	https://www.ebi.ac.uk/interpro/entry/pfam/PF04577/
PF04634	PF04634.18	YezG-like	Immunity protein YezG-like	DUF600	DUF600	false	https://www.ebi.ac.uk/interpro/entry/pfam/PF04634/
PF04640	PF04640.20	PLATZ	PLATZ transcription factor	DUF597	DUF597	false	https://www.ebi.ac.uk/interpro/entry/pfam/PF04640/
PF04641	PF04641.19	Rtf2	Rtf2 RING-finger	DUF602	DUF602	false	https://www.ebi.ac.uk/interpro/entry/pfam/PF04641/
PF04652	PF04652.22	Vta1	Vta1 like	DUF605	DUF605	false	https://www.ebi.ac.uk/interpro/entry/pfam/PF04652/
PF04657	PF04657.20	DMT_YdcZ	Putative inner membrane exporter, YdcZ	DUF606	DUF606	false	https://www.ebi.ac.uk/interpro/entry/pfam/PF04657/
PF04669	PF04669.20	PBDC1	PBDC1 protein	DUF579	DUF579;Polysacc_synt_4	false	https://www.ebi.ac.uk/interpro/entry/pfam/PF04669/
PF04672	PF04672.19	Methyltransf_19	S-adenosyl methyltransferase	DUF574	DUF574	false	https://www.ebi.ac.uk/interpro/entry/pfam/PF04672/
PF04678	PF04678.19	MCU	Mitochondrial calcium uniporter	DUF607	DUF607	false	https://www.ebi.ac.uk/interpro/entry/pfam/PF04678/
PF04685	PF04685.20	GH116_catalytic	Glycosyl-hydrolase family 116, catalytic region	DUF608	DUF608	false	https://www.ebi.ac.uk/interpro/entry/pfam/PF04685/
PF04720	PF04720.18	PDDEXK_6	PDDEXK-like family of unknown function	DUF506	DUF506	false	https://www.ebi.ac.uk/interpro/entry/pfam/PF04720/
PF04721	PF04721.24	PAW	PNGase C-terminal domain, mannose-binding module PAW	DUF750	PNGase;DUF750	false	https://www.ebi.ac.uk/interpro/entry/pfam/PF04721/
PF04727	PF04727.19	ELMO_CED12	ELMO/CED-12 family	DUF609	DUF609	false	https://www.ebi.ac.uk/interpro/entry/pfam/PF04727/
PF04748	PF04748.19	Polysacc_deac_2	Divergent polysaccharide deacetylase	DUF610	DUF610;div_psaccdeacet	false	https://www.ebi.ac.uk/interpro/entry/pfam/PF04748/
PF04749	PF04749.23	PLAC8	PLAC8 family	DUF614	DUF614	false	https://www.ebi.ac.uk/interpro/entry/pfam/PF04749/
PF04751	PF04751.21	DarP	Dual-action ribosomal maturation protein DarP	DUF615	DUF615	false	https://www.ebi.ac.uk/interpro/entry/pfam/PF04751/
PF04765	PF04765.20	TOD1_MUCI70	TOD1/MUCI70, glycosyltransferase-like domain	DUF616	DUF616	false	https://www.ebi.ac.uk/interpro/entry/pfam/PF04765/
PF04768	PF04768.21	NAT	NAT, N-acetyltransferase, of N-acetylglutamate synthase	DUF619	DUF619	false	https://www.ebi.ac.uk/interpro/entry/pfam/PF04768/
PF04776	PF04776.18	protein_MS5	Protein MS5	DUF626	DUF626;MS5	false	https://www.ebi.ac.uk/interpro/entry/pfam/PF04776/
PF04802	PF04802.23	PP4R3	Phosphatase 4 regulatory subunit 3	DUF625	DUF625;SMK-1_Ce;SMK-1	false	https://www.ebi.ac.uk/interpro/entry/pfam/PF04802/
PF04816	PF04816.19	TrmK	tRNA (adenine(22)-N(1))-methyltransferase	DUF633	DUF633	false	https://www.ebi.ac.uk/interpro/entry/pfam/PF04816/
PF04818	PF04818.20	CID	CID domain	DUF618	DUF618;CTD_bind	false	https://www.ebi.ac.uk/interpro/entry/pfam/PF04818/
PF04822	PF04822.19	Takusan	Takusan	DUF622	DUF622	false	https://www.ebi.ac.uk/interpro/entry/pfam/PF04822/
PF04826	PF04826.20	Arm_2	Armadillo-like	DUF634	DUF634	false	https://www.ebi.ac.uk/interpro/entry/pfam/PF04826/
PF04827	PF04827.21	Plant_tran	Plant transposon protein	DUF635	DUF635	false	https://www.ebi.ac.uk/interpro/entry/pfam/PF04827/
PF04828	PF04828.23	GFA	Glutathione-dependent formaldehyde-activating enzyme	DUF636	DUF636	false	https://www.ebi.ac.uk/interpro/entry/pfam/PF04828/
PF04829	PF04829.19	PT-VENN	Pre-toxin domain with VENN motif	DUF638	DUF638	false	https://www.ebi.ac.uk/interpro/entry/pfam/PF04829/
PF04844	PF04844.19	Ovate	Transcriptional repressor, ovate	DUF623	DUF623	false	https://www.ebi.ac.uk/interpro/entry/pfam/PF04844/
PF04852	PF04852.18	ALOG_dom	ALOG domain	DUF640	DUF640	false	https://www.ebi.ac.uk/interpro/entry/pfam/PF04852/
PF04870	PF04870.22	Moulting_cycle	Moulting cycle	DUF644	DUF644	false	https://www.ebi.ac.uk/interpro/entry/pfam/PF04870/
PF04883	PF04883.18	HK97-gp10_like	Bacteriophage HK97-gp10, putative tail-component	DUF646	DUF646	false	https://www.ebi.ac.uk/interpro/entry/pfam/PF04883/
PF04884	PF04884.21	UVB_sens_prot	Vitamin B6 photo-protection and homoeostasis domain	DUF647	DUF647;Root	false	https://www.ebi.ac.uk/interpro/entry/pfam/PF04884/
PF04893	PF04893.23	Yip1	Yip1 domain	DUF649	DUF649	false	https://www.ebi.ac.uk/interpro/entry/pfam/PF04893/
PF04894	PF04894.18	Nre_N	Archaeal Nre, N-terminal	DUF650	DUF650	false	https://www.ebi.ac.uk/interpro/entry/pfam/PF04894/
PF04895	PF04895.18	Nre_C	Archaeal Nre, C-terminal	DUF651	DUF651	false	https://www.ebi.ac.uk/interpro/entry/pfam/PF04895/
PF04900	PF04900.19	Fcf1	Fcf1	DUF652	DUF652	false	https://www.ebi.ac.uk/interpro/entry/pfam/PF04900/
PF04910	PF04910.21	Tcf25	Transcriptional repressor TCF25	DUF654	DUF654	false	https://www.ebi.ac.uk/interpro/entry/pfam/PF04910/
PF04920	PF04920.18	BNYVV_p31	Beet necrotic yellow vein virus, p31	DUF656	DUF656	false	https://www.ebi.ac.uk/interpro/entry/pfam/PF04920/
PF04939	PF04939.18	RRS1	Ribosome biogenesis regulatory protein (RRS1)	DUF660	DUF660	false	https://www.ebi.ac.uk/interpro/entry/pfam/PF04939/
PF04949	PF04949.19	Transcrip_act	Transcriptional activator	DUF662	DUF662	false	https://www.ebi.ac.uk/interpro/entry/pfam/PF04949/
PF04950	PF04950.19	RIBIOP_C	40S ribosome biogenesis protein Tsr1 and BMS1 C-terminal	DUF663	DUF663	false	https://www.ebi.ac.uk/interpro/entry/pfam/PF04950/
PF04978	PF04978.18	MST	Mycothiol-S-transferase	DUF664	DUF664	false	https://www.ebi.ac.uk/interpro/entry/pfam/PF04978/
PF05006	PF05006.18	PIF3	Per os infectivity factor 3	DUF666	DUF666	false	https://www.ebi.ac.uk/interpro/entry/pfam/PF05006/
PF05018	PF05018.19	CFA20_dom	CFA20 domain	DUF667	DUF667	false	https://www.ebi.ac.uk/interpro/entry/pfam/PF05018/
PF05050	PF05050.20	Methyltransf_21	Methyltransferase FkbM domain	DUF672	DUF672	false	https://www.ebi.ac.uk/interpro/entry/pfam/PF05050/
PF05054	PF05054.17	AcMNPV_Ac109	Autographa californica nuclear polyhedrosis virus (AcMNPV) protein	DUF673	DUF673	false	https://www.ebi.ac.uk/interpro/entry/pfam/PF05054/
PF05081	PF05081.19	AcMNPV_P18	Autographa californica nuclear polyhedrosis virus (AcMNPV), P18	DUF682	DUF682	false	https://www.ebi.ac.uk/interpro/entry/pfam/PF05081/
PF05082	PF05082.19	Rop-like	Rop-like	DUF683	DUF683	false	https://www.ebi.ac.uk/interpro/entry/pfam/PF05082/
PF05092	PF05092.18	PIF	Per os infectivity	DUF686	DUF686	false	https://www.ebi.ac.uk/interpro/entry/pfam/PF05092/
PF05093	PF05093.19	CIAPIN1	Cytokine-induced anti-apoptosis inhibitor 1, Fe-S biogenesis	DUF689	DUF689	false	https://www.ebi.ac.uk/interpro/entry/pfam/PF05093/
PF05107	PF05107.18	Cas_Cas7	CRISPR-associated protein Cas7	DUF694	DUF694	false	https://www.ebi.ac.uk/interpro/entry/pfam/PF05107/
PF05108	PF05108.19	T7SS_ESX1_EccB	Type VII secretion system ESX-1, transport TM domain B	DUF690	DUF690	false	https://www.ebi.ac.uk/interpro/entry/pfam/PF05108/
PF05114	PF05114.21	MbnB_TglH_ChrH	RiPP precursor modification enzyme MbnB/TglH/ChrH	DUF692	DUF692	false	https://www.ebi.ac.uk/interpro/entry/pfam/PF05114/
PF05127	PF05127.22	NAT10_TcmA_helicase	RNA cytidine acetyltransferase NAT10/TcmA, helicase domain	DUF699	DUF699;Helicase_RecD	false	https://www.ebi.ac.uk/interpro/entry/pfam/PF05127/
PF05129	PF05129.19	Zn_ribbon_Elf1	Transcription elongation factor Elf1 like	DUF701	DUF701;Elf1	false	https://www.ebi.ac.uk/interpro/entry/pfam/PF05129/
PF05148	PF05148.22	Methyltransf_8	Hypothetical methyltransferase	DUF691	DUF691;Methyltransf_hyp	false	https://www.ebi.ac.uk/interpro/entry/pfam/PF05148/
PF05153	PF05153.22	MIOX	Myo-inositol oxygenase	DUF706	DUF706	false	https://www.ebi.ac.uk/interpro/entry/pfam/PF05153/
PF05164	PF05164.19	ZapA	Cell division protein ZapA	DUF710	DUF710	false	https://www.ebi.ac.uk/interpro/entry/pfam/PF05164/
PF05166	PF05166.19	YcgL	YcgL domain	DUF709	DUF709	false	https://www.ebi.ac.uk/interpro/entry/pfam/PF05166/
PF05168	PF05168.20	HEPN	HEPN domain	DUF712	DUF712	false	https://www.ebi.ac.uk/interpro/entry/pfam/PF05168/
PF05197	PF05197.19	TRIC	TRIC channel	DUF714	DUF714	false	https://www.ebi.ac.uk/interpro/entry/pfam/PF05197/
PF05206	PF05206.21	TRM13	Methyltransferase TRM13	DUF715	DUF715	false	https://www.ebi.ac.uk/interpro/entry/pfam/PF05206/
PF05251	PF05251.18	Ost5	Oligosaccharyltransferase subunit 5	UPF0197	UPF0197	false	https://www.ebi.ac.uk/interpro/entry/pfam/PF05251/
PF05253	PF05253.19	zf-U11-48K	U11-48K-like CHHC zinc finger	UPF0224	UPF0224	false	https://www.ebi.ac.uk/interpro/entry/pfam/PF05253/
PF05258	PF05258.18	DciA	Dna[CI] antecedent, DciA	DUF721	DUF721	false	https://www.ebi.ac.uk/interpro/entry/pfam/PF05258/
PF05300	PF05300.17	MIC19_MIC25	MICOS complex subunit MIC19/MIC25	DUF737	DUF737	false	https://www.ebi.ac.uk/interpro/entry/pfam/PF05300/
PF05301	PF05301.20	Acetyltransf_16	GNAT acetyltransferase, Mec-17	DUF738	DUF738;Mec-17	false	https://www.ebi.ac.uk/interpro/entry/pfam/PF05301/
PF05303	PF05303.18	GSKIP_dom	GSKIP domain	DUF727	DUF727	false	https://www.ebi.ac.uk/interpro/entry/pfam/PF05303/
PF05308	PF05308.17	Mito_fiss_reg	Mitochondrial fission regulator	DUF729	DUF729	false	https://www.ebi.ac.uk/interpro/entry/pfam/PF05308/
PF05332	PF05332.17	Vesi_VP2	Vesivirus VP2 protein	DUF743	DUF743	false	https://www.ebi.ac.uk/interpro/entry/pfam/PF05332/
PF05336	PF05336.20	rhaM	L-rhamnose mutarotase	DUF718	DUF718	false	https://www.ebi.ac.uk/interpro/entry/pfam/PF05336/
PF05341	PF05341.18	PIF6	Per os infectivity factor 6	DUF708	DUF708	false	https://www.ebi.ac.uk/interpro/entry/pfam/PF05341/
PF05430	PF05430.18	Methyltransf_30	S-adenosyl-L-methionine-dependent methyltransferase	DUF752	DUF752	false	https://www.ebi.ac.uk/interpro/entry/pfam/PF05430/
PF05449	PF05449.17	Phage_holin_3_7	Putative 3TM holin, Phage_holin_3	DUF754	DUF754	false	https://www.ebi.ac.uk/interpro/entry/pfam/PF05449/
PF05506	PF05506.18	PLipase_C_C	Bacterial phospholipase C, C-terminal domain	DUF756	DUF756	false	https://www.ebi.ac.uk/interpro/entry/pfam/PF05506/
PF05527	PF05527.18	TNFAIP8	Tumor necrosis factor alpha-induced protein 8-like	DUF758	DUF758	false	https://www.ebi.ac.uk/interpro/entry/pfam/PF05527/
PF05551	PF05551.18	zf-His_Me_endon	Zinc-binding loop region of homing endonuclease	DUF1519	Naegl_SSU_RRNA;DUF1519	false	https://www.ebi.ac.uk/interpro/entry/pfam/PF05551/
PF05571	PF05571.18	JAMP	JNK1/MAPK8-associated membrane protein	DUF766	DUF766	false	https://www.ebi.ac.uk/interpro/entry/pfam/PF05571/
PF05591	PF05591.18	T6SS_VipA	Type VI secretion system, VipA, VC_A0107 or Hcp2	DUF770	DUF770;VipA	false	https://www.ebi.ac.uk/interpro/entry/pfam/PF05591/
PF05600	PF05600.18	CDK5RAP3	CDK5 regulatory subunit-associated protein 3	DUF773	DUF773	false	https://www.ebi.ac.uk/interpro/entry/pfam/PF05600/
PF05603	PF05603.18	Hikeshi-like_N	Hikeshi-like, N-terminal domain	DUF775	DUF775	false	https://www.ebi.ac.uk/interpro/entry/pfam/PF05603/
PF05608	PF05608.19	RTE1	RTE1-like	DUF778	DUF778	false	https://www.ebi.ac.uk/interpro/entry/pfam/PF05608/
PF05612	PF05612.18	Leg1	Leg1	DUF781	DUF781	false	https://www.ebi.ac.uk/interpro/entry/pfam/PF05612/
PF05614	PF05614.17	Circovir_ORF3	Circovirus ORF3	DUF782	DUF782	false	https://www.ebi.ac.uk/interpro/entry/pfam/PF05614/
PF05615	PF05615.19	THOC7	Tho complex subunit 7	DUF783	DUF783	false	https://www.ebi.ac.uk/interpro/entry/pfam/PF05615/
PF05617	PF05617.17	Prolamin_like	Prolamin-like	DUF784	DUF784	false	https://www.ebi.ac.uk/interpro/entry/pfam/PF05617/
PF05618	PF05618.18	RimB-like	Retropepsin-like aspartic endopeptidase RimB	DUF785	DUF785;Zn_protease	false	https://www.ebi.ac.uk/interpro/entry/pfam/PF05618/
PF05620	PF05620.17	TMEM208_SND2	SRP-independent targeting protein 2/TMEM208	DUF788	DUF788	false	https://www.ebi.ac.uk/interpro/entry/pfam/PF05620/
PF05631	PF05631.20	MFS_5	Sugar-tranasporters, 12 TM	DUF791	DUF791	false	https://www.ebi.ac.uk/interpro/entry/pfam/PF05631/
PF05633	PF05633.17	ROH1-like	Protein ROH1-like	DUF793	DUF793;BPS1	false	https://www.ebi.ac.uk/interpro/entry/pfam/PF05633/
PF05634	PF05634.17	APO_RNA-bind	APO RNA-binding	DUF794	DUF794	false	https://www.ebi.ac.uk/interpro/entry/pfam/PF05634/
PF05636	PF05636.18	HIGH_NTase1	HIGH Nucleotidyl Transferase	DUF795	DUF795	false	https://www.ebi.ac.uk/interpro/entry/pfam/PF05636/
PF05638	PF05638.19	T6SS_HCP	Type VI secretion system effector, Hcp	DUF796	DUF796;HCP	false	https://www.ebi.ac.uk/interpro/entry/pfam/PF05638/
PF05639	PF05639.17	Pup	Pup-like protein	DUF797	DUF797	false	https://www.ebi.ac.uk/interpro/entry/pfam/PF05639/
PF05640	PF05640.20	NKAIN	Na,K-Atpase Interacting protein	DUF798	DUF798	false	https://www.ebi.ac.uk/interpro/entry/pfam/PF05640/
PF05643	PF05643.17	GNA1162-like	Putative lipoprotein GNA1162-like	DUF799	DUF799	false	https://www.ebi.ac.uk/interpro/entry/pfam/PF05643/
PF05644	PF05644.17	Miff	Mitochondrial and peroxisomal fission factor Mff	DUF800	DUF800	false	https://www.ebi.ac.uk/interpro/entry/pfam/PF05644/
PF05647	PF05647.17	Epiglycanin_TR	Tandem-repeating region of mucin, epiglycanin-like	DUF801	DUF801	false	https://www.ebi.ac.uk/interpro/entry/pfam/PF05647/
PF05653	PF05653.21	Mg_trans_NIPA	Magnesium transporter NIPA	DUF803	DUF803	false	https://www.ebi.ac.uk/interpro/entry/pfam/PF05653/
PF05667	PF05667.17	CCDC22_CC	CCDC22 protein coiled-coil region	DUF812	DUF812;CCDC22	false	https://www.ebi.ac.uk/interpro/entry/pfam/PF05667/
PF05670	PF05670.19	NFACT-R_1	NFACT protein RNA binding domain	DUF814	DUF814	false	https://www.ebi.ac.uk/interpro/entry/pfam/PF05670/
PF05685	PF05685.19	Uma2	Putative restriction endonuclease	DUF820	DUF820	false	https://www.ebi.ac.uk/interpro/entry/pfam/PF05685/
PF05686	PF05686.19	Glyco_transf_90	Glycosyl transferase family 90	DUF821	DUF821	false	https://www.ebi.ac.uk/interpro/entry/pfam/PF05686/
PF05687	PF05687.19	BES1_N	BES1/BZR1 plant transcription factor, N-terminal	DUF822	DUF822;Peptidase_M15_2	false	https://www.ebi.ac.uk/interpro/entry/pfam/PF05687/
PF05688	PF05688.18	BIg21	Bacterial Immunoglobulin-like 21	DUF824	DUF824	false	https://www.ebi.ac.uk/interpro/entry/pfam/PF05688/
PF05689	PF05689.19	InvE_AD	Adhesion domain	DUF823	DUF823	false	https://www.ebi.ac.uk/interpro/entry/pfam/PF05689/
PF05695	PF05695.17	Ycf2	Ycf2 family	DUF825	DUF825	false	https://www.ebi.ac.uk/interpro/entry/pfam/PF05695/
PF05701	PF05701.17	WEMBL	Weak chloroplast movement under blue light	DUF827	DUF827	false	https://www.ebi.ac.uk/interpro/entry/pfam/PF05701/
PF05703	PF05703.17	Auxin_canalis	Auxin canalisation	DUF828	DUF828	false	https://www.ebi.ac.uk/interpro/entry/pfam/PF05703/
PF05708	PF05708.19	Peptidase_C92	Permuted papain-like amidase enzyme, YaeF/YiiX, C92 family	DUF830	DUF830	false	https://www.ebi.ac.uk/interpro/entry/pfam/PF05708/
PF05742	PF05742.18	TANGO2	Transport and Golgi organisation 2	DUF833	DUF833;NRDE	false	https://www.ebi.ac.uk/interpro/entry/pfam/PF05742/
PF05768	PF05768.21	Glrx-like	Glutaredoxin-like domain (DUF836)	DUF836	DUF836	false	https://www.ebi.ac.uk/interpro/entry/pfam/PF05768/
PF05769	PF05769.17	SIKE	SIKE family	DUF837	DUF837	false	https://www.ebi.ac.uk/interpro/entry/pfam/PF05769/
PF05787	PF05787.20	PhoX	Alkaline phosphatase PhoX	DUF839	DUF839	false	https://www.ebi.ac.uk/interpro/entry/pfam/PF05787/
PF05801	PF05801.17	VP2_lagovir	Lagovirus minor capsid protein VP2	DUF840	DUF840	false	https://www.ebi.ac.uk/interpro/entry/pfam/PF05801/
PF05814	PF05814.17	Ac76	Orf76 (Ac76)	DUF843	DUF843	false	https://www.ebi.ac.uk/interpro/entry/pfam/PF05814/
PF05815	PF05815.18	AcMNPV_Orf101	Autographa californica nuclear polyhedrosis virus (AcMNPV), Orf101	DUF844	DUF844	false	https://www.ebi.ac.uk/interpro/entry/pfam/PF05815/
PF05820	PF05820.18	Ac81	Baculoviridae AC81	DUF845	DUF845	false	https://www.ebi.ac.uk/interpro/entry/pfam/PF05820/
PF05838	PF05838.18	Glyco_hydro_108	Glycosyl hydrolase 108	DUF847	DUF847	false	https://www.ebi.ac.uk/interpro/entry/pfam/PF05838/
PF05853	PF05853.19	BKACE	beta-keto acid cleavage enzyme	DUF849	DUF849;Kce	false	https://www.ebi.ac.uk/interpro/entry/pfam/PF05853/
PF05871	PF05871.19	ESCRT-II	ESCRT-II complex subunit	DUF852	DUF852	false	https://www.ebi.ac.uk/interpro/entry/pfam/PF05871/
PF05872	PF05872.19	HerA_C	Helicase HerA-like C-terminal	DUF853	DUF853	false	https://www.ebi.ac.uk/interpro/entry/pfam/PF05872/
PF05883	PF05883.18	Baculo_RING	Baculovirus U-box/Ring-like domain	DUF855	DUF855	false	https://www.ebi.ac.uk/interpro/entry/pfam/PF05883/
PF05884	PF05884.18	ZYG-11_interact	Interactor of ZYG-11	DUF856	DUF856	false	https://www.ebi.ac.uk/interpro/entry/pfam/PF05884/
PF05891	PF05891.19	Methyltransf_PK	AdoMet dependent proline di-methyltransferase	DUF858	DUF858;Hydroxy-O-Methy	false	https://www.ebi.ac.uk/interpro/entry/pfam/PF05891/
PF05899	PF05899.19	Cupin_3	EutQ-like cupin domain	DUF861	DUF861	false	https://www.ebi.ac.uk/interpro/entry/pfam/PF05899/
PF05903	PF05903.21	Peptidase_C97	PPPDE putative peptidase domain	DUF862	DUF862	false	https://www.ebi.ac.uk/interpro/entry/pfam/PF05903/
PF05907	PF05907.19	CXXC_Zn-b_euk	CXXC motif containing zinc binding protein, eukaryotic	DUF866	DUF866	false	https://www.ebi.ac.uk/interpro/entry/pfam/PF05907/
PF05908	PF05908.17	Gamma_PGA_hydro	Poly-gamma-glutamate hydrolase	DUF867	DUF867	false	https://www.ebi.ac.uk/interpro/entry/pfam/PF05908/
PF05911	PF05911.17	FPP	Filament-like plant protein, long coiled-coil	DUF869	DUF869	false	https://www.ebi.ac.uk/interpro/entry/pfam/PF05911/
PF05913	PF05913.17	MupG_C	6-phospho-N-acetylmuramidase, C-terminal	DUF871	DUF871	false	https://www.ebi.ac.uk/interpro/entry/pfam/PF05913/
PF05915	PF05915.18	TMEM_230_134	Transmembrane proteins 230/134	DUF872	DUF872	false	https://www.ebi.ac.uk/interpro/entry/pfam/PF05915/
PF05916	PF05916.17	Sld5	GINS complex protein helical bundle domain	DUF873	DUF873	false	https://www.ebi.ac.uk/interpro/entry/pfam/PF05916/
PF05936	PF05936.18	T6SS_VasE	Bacterial Type VI secretion, VC_A0110, EvfL, ImpJ, VasE	DUF876	DUF876;T6SS_VCA0111	false	https://www.ebi.ac.uk/interpro/entry/pfam/PF05936/
PF05943	PF05943.18	VipB	EvpB/VC_A0108, tail sheath N-terminal domain	DUF877	DUF877	false	https://www.ebi.ac.uk/interpro/entry/pfam/PF05943/
PF05947	PF05947.18	T6SS_TssF	Type VI secretion system, TssF	DUF879	DUF879;T6SS_EvfQ;T6SS_VipB;T6SS_TssF-like	false	https://www.ebi.ac.uk/interpro/entry/pfam/PF05947/
PF05951	PF05951.19	Peptidase_M15_2	Peptidoglycan L,D-endopeptidase MepK	DUF882	DUF882	false	https://www.ebi.ac.uk/interpro/entry/pfam/PF05951/
PF05962	PF05962.18	HutD	HutD	DUF886	DUF886	false	https://www.ebi.ac.uk/interpro/entry/pfam/PF05962/
PF05969	PF05969.17	PSII_Ycf12	Photosystem II complex subunit Ycf12	DUF888	DUF888	false	https://www.ebi.ac.uk/interpro/entry/pfam/PF05969/
PF05970	PF05970.21	PIF1	PIF1-like helicase	DUF889	DUF889	false	https://www.ebi.ac.uk/interpro/entry/pfam/PF05970/
PF05971	PF05971.19	Methyltransf_10	RNA methyltransferase	DUF890	DUF890	false	https://www.ebi.ac.uk/interpro/entry/pfam/PF05971/
PF05973	PF05973.21	Gp49	Phage derived protein Gp49-like (DUF891)	DUF891	DUF891	false	https://www.ebi.ac.uk/interpro/entry/pfam/PF05973/
PF05977	PF05977.20	MFS_3	Transmembrane secretion effector	DUF894	DUF894	false	https://www.ebi.ac.uk/interpro/entry/pfam/PF05977/
PF05978	PF05978.23	UNC-93	Ion channel regulatory protein UNC-93	DUF895	DUF895;UNC-93_Ce	false	https://www.ebi.ac.uk/interpro/entry/pfam/PF05978/
PF05982	PF05982.18	Sbt_1	Na+-dependent bicarbonate transporter superfamily	DUF897	DUF897	false	https://www.ebi.ac.uk/interpro/entry/pfam/PF05982/
PF05991	PF05991.18	NYN_YacP	YacP-like NYN domain	DUF901	DUF901	false	https://www.ebi.ac.uk/interpro/entry/pfam/PF05991/
PF06001	PF06001.19	RING_CBP-p300	CREB-binding protein/p300, atypical RING domain	DUF902	DUF902	false	https://www.ebi.ac.uk/interpro/entry/pfam/PF06001/
PF06005	PF06005.19	ZapB	ZapB family	DUF904	DUF904	false	https://www.ebi.ac.uk/interpro/entry/pfam/PF06005/
PF06011	PF06011.18	TRP	Transient receptor potential (TRP) ion channel	DUF907	DUF907	false	https://www.ebi.ac.uk/interpro/entry/pfam/PF06011/
PF06013	PF06013.19	WXG100	Proteins of 100 residues with WXG	DUF909	DUF909	false	https://www.ebi.ac.uk/interpro/entry/pfam/PF06013/
PF06014	PF06014.17	YqgQ-like	YqgQ-like	DUF910	DUF910	false	https://www.ebi.ac.uk/interpro/entry/pfam/PF06014/
PF06023	PF06023.19	Csa1	CRISPR-associated exonuclease Csa1	DUF911	DUF911	false	https://www.ebi.ac.uk/interpro/entry/pfam/PF06023/
PF06024	PF06024.18	Orf78	Orf78 (ac78)	DUF912	DUF912	false	https://www.ebi.ac.uk/interpro/entry/pfam/PF06024/
PF06027	PF06027.19	SLC35F	Solute carrier family 35	DUF914	DUF914	false	https://www.ebi.ac.uk/interpro/entry/pfam/PF06027/
PF06030	PF06030.19	WxLIP_PGBD	WxL Interacting Protein, peptidoglycan binding domain	DUF916	DUF916	false	https://www.ebi.ac.uk/interpro/entry/pfam/PF06030/
PF06032	PF06032.19	S-Me-THD_N	S-Me-THD-like, N-terminal domain	DUF917	DUF917	false	https://www.ebi.ac.uk/interpro/entry/pfam/PF06032/
PF06035	PF06035.18	Peptidase_C93	Bacterial transglutaminase-like cysteine proteinase BTLCP	DUF920	DUF920;BTLCP	false	https://www.ebi.ac.uk/interpro/entry/pfam/PF06035/
PF06042	PF06042.18	NTP_transf_6	Nucleotidyltransferase	DUF925	DUF925	false	https://www.ebi.ac.uk/interpro/entry/pfam/PF06042/
PF06047	PF06047.17	Nkap_C	NF-kappa-B-activating protein C-terminal domain	DUF926	DUF926;SynMuv_product	false	https://www.ebi.ac.uk/interpro/entry/pfam/PF06047/
PF06071	PF06071.20	YchF-GTPase_C	Protein of unknown function (DUF933)	DUF933	DUF933	false	https://www.ebi.ac.uk/interpro/entry/pfam/PF06071/
PF06074	PF06074.19	Portal_Mu	Portal protein of Mu bacteriophage	DUF935	DUF935	false	https://www.ebi.ac.uk/interpro/entry/pfam/PF06074/
PF06075	PF06075.19	CORD_N	CORD, N-terminal domain	DUF936	DUF936	false	https://www.ebi.ac.uk/interpro/entry/pfam/PF06075/
PF06081	PF06081.18	ArAE_1	Aromatic acid exporter family member 1	DUF939	DUF939	false	https://www.ebi.ac.uk/interpro/entry/pfam/PF06081/
PF06082	PF06082.18	YjbH	Exopolysaccharide biosynthesis protein YbjH	DUF940	DUF940	false	https://www.ebi.ac.uk/interpro/entry/pfam/PF06082/
PF06090	PF06090.19	Ins_P5_2-kin	Inositol-pentakisphosphate 2-kinase	DUF941	DUF941	false	https://www.ebi.ac.uk/interpro/entry/pfam/PF06090/
PF06101	PF06101.17	Vps62	Vacuolar protein sorting-associated protein 62	DUF946	DUF946	false	https://www.ebi.ac.uk/interpro/entry/pfam/PF06101/
PF06102	PF06102.18	RRP36	rRNA biogenesis protein RRP36	DUF947	DUF947	false	https://www.ebi.ac.uk/interpro/entry/pfam/PF06102/
PF06106	PF06106.17	SAUGI	S. aureus uracil DNA glycosylase inhibitor	DUF950	DUF950	false	https://www.ebi.ac.uk/interpro/entry/pfam/PF06106/
PF06110	PF06110.18	TXD17-like_Trx	Thioredoxin domain-containing protein 17-like, thioredoxin domain	DUF953	DUF953	false	https://www.ebi.ac.uk/interpro/entry/pfam/PF06110/
PF06114	PF06114.20	Peptidase_M78	IrrE N-terminal-like domain	DUF955	DUF955;Irre_N	false	https://www.ebi.ac.uk/interpro/entry/pfam/PF06114/
PF06119	PF06119.20	NIDO	Nidogen-like domain	DUF958	DUF958	false	https://www.ebi.ac.uk/interpro/entry/pfam/PF06119/
PF06127	PF06127.17	Mpo1-like	2-hydroxy-palmitic acid dioxygenase Mpo1-like	DUF962	DUF962	false	https://www.ebi.ac.uk/interpro/entry/pfam/PF06127/
PF06133	PF06133.17	Com_YlbF	Control of competence regulator ComK, YlbF/YmcA	DUF964	DUF964	false	https://www.ebi.ac.uk/interpro/entry/pfam/PF06133/
PF06135	PF06135.18	IreB	IreB regulatory phosphoprotein	DUF965	DUF965	false	https://www.ebi.ac.uk/interpro/entry/pfam/PF06135/
PF06136	PF06136.20	SOK	SOSEKI protein DIX-like domain	DUF966	DUF966;SOK2_plant	false	https://www.ebi.ac.uk/interpro/entry/pfam/PF06136/
PF06153	PF06153.17	CdAMP_rec	Cyclic-di-AMP receptor	DUF970	DUF970	false	https://www.ebi.ac.uk/interpro/entry/pfam/PF06153/
PF06155	PF06155.18	GBBH-like_N	Gamma-butyrobetaine hydroxylase-like, N-terminal	DUF971	DUF971	false	https://www.ebi.ac.uk/interpro/entry/pfam/PF06155/
PF06156	PF06156.19	YabA	Initiation control protein YabA	DUF972	DUF972;YabB	false	https://www.ebi.ac.uk/interpro/entry/pfam/PF06156/
PF06159	PF06159.19	TRAPPC13_N	Trafficking protein particle complex subunit 13, N-terminal	DUF974	DUF974	false	https://www.ebi.ac.uk/interpro/entry/pfam/PF06159/
PF06162	PF06162.19	PgaPase_1	Putative pyroglutamyl peptidase PgaPase_1	DUF976	DUF976	false	https://www.ebi.ac.uk/interpro/entry/pfam/PF06162/
PF06167	PF06167.19	Peptidase_M90	Glucose-regulated metallo-peptidase M90	DUF980	DUF980;MtfA	false	https://www.ebi.ac.uk/interpro/entry/pfam/PF06167/
PF06172	PF06172.18	Cupin_5	Cupin superfamily (DUF985)	DUF985	DUF985	false	https://www.ebi.ac.uk/interpro/entry/pfam/PF06172/
PF06177	PF06177.17	QueT	QueT transporter	DUF988	DUF988	false	https://www.ebi.ac.uk/interpro/entry/pfam/PF06177/
PF06181	PF06181.17	Urate_ox_N	Urate oxidase N-terminal	DUF989	DUF989	false	https://www.ebi.ac.uk/interpro/entry/pfam/PF06181/
PF06182	PF06182.18	ABC2_membrane_6	ABC-2 family transporter protein	DUF990	DUF990	false	https://www.ebi.ac.uk/interpro/entry/pfam/PF06182/
PF06185	PF06185.19	YecM	YecM protein	DUF991	DUF991	false	https://www.ebi.ac.uk/interpro/entry/pfam/PF06185/
PF06201	PF06201.20	PITH	PITH domain	DUF1000	DUF1000;Thioredox_dimer	false	https://www.ebi.ac.uk/interpro/entry/pfam/PF06201/
PF06206	PF06206.18	CpeT	CpeT/CpcT family (DUF1001)	DUF1001	DUF1001	false	https://www.ebi.ac.uk/interpro/entry/pfam/PF06206/
PF06217	PF06217.18	GAGA_bind	GAGA binding protein-like family	DUF1004	DUF1004	false	https://www.ebi.ac.uk/interpro/entry/pfam/PF06217/
PF06224	PF06224.19	AlkZ-like	DNA glycosylase AlkZ-like	DUF1006	DUF1006;HTH_42	false	https://www.ebi.ac.uk/interpro/entry/pfam/PF06224/
PF06228	PF06228.21	ChuX_HutX	Haem utilisation ChuX/HutX	DUF1008	DUF1008	false	https://www.ebi.ac.uk/interpro/entry/pfam/PF06228/
PF06230	PF06230.18	LpxI_C	LpxI C-terminal domain	DUF1009	DUF1009	false	https://www.ebi.ac.uk/interpro/entry/pfam/PF06230/
PF06237	PF06237.19	SLC52_ribofla_tr	Solute carrier family 52, riboflavin transporter	DUF1011	DUF1011	false	https://www.ebi.ac.uk/interpro/entry/pfam/PF06237/
PF06241	PF06241.18	Castor_Poll_mid	Castor and Pollux, part of voltage-gated ion channel	DUF1012	DUF1012	false	https://www.ebi.ac.uk/interpro/entry/pfam/PF06241/
PF06242	PF06242.17	TrcR	Transcriptional cell cycle regulator TrcR	DUF1013	DUF1013	false	https://www.ebi.ac.uk/interpro/entry/pfam/PF06242/
PF06244	PF06244.19	Ccdc124	Coiled-coil domain-containing protein 124 /Oxs1	DUF1014	DUF1014	false	https://www.ebi.ac.uk/interpro/entry/pfam/PF06244/
PF06250	PF06250.18	YhcG_C	YhcG PDDEXK nuclease domain	DUF1016	DUF1016	false	https://www.ebi.ac.uk/interpro/entry/pfam/PF06250/
PF06251	PF06251.18	Caps_syn_GfcC_C	Capsule biosynthesis GfcC C-terminal	DUF1017	DUF1017;Caps_synth_GfcC	false	https://www.ebi.ac.uk/interpro/entry/pfam/PF06251/
PF06252	PF06252.18	GemA	Bacteriophage Mu, GemA protein	DUF1018	DUF1018	false	https://www.ebi.ac.uk/interpro/entry/pfam/PF06252/
PF06254	PF06254.18	YdaT_toxin	Bacterial toxin ydaT	DUF1019	DUF1019	false	https://www.ebi.ac.uk/interpro/entry/pfam/PF06254/
PF06255	PF06255.19	MafB	Neisseria toxin MafB	DUF1020	DUF1020	false	https://www.ebi.ac.uk/interpro/entry/pfam/PF06255/
PF06257	PF06257.18	VEG	Biofilm formation stimulator VEG	DUF1021	DUF1021	false	https://www.ebi.ac.uk/interpro/entry/pfam/PF06257/
PF06258	PF06258.18	Mito_fiss_Elm1	Mitochondrial fission ELM1	DUF1022	DUF1022	false	https://www.ebi.ac.uk/interpro/entry/pfam/PF06258/
PF06259	PF06259.19	Abhydrolase_8	Alpha/beta hydrolase	DUF1023	DUF1023	false	https://www.ebi.ac.uk/interpro/entry/pfam/PF06259/
PF06262	PF06262.18	Zincin_1	Zincin-like metallopeptidase	DUF1025	DUF1025;Zinicin_1	false	https://www.ebi.ac.uk/interpro/entry/pfam/PF06262/
PF06265	PF06265.17	YutD-like	Putative antitoxin YutD-like	DUF1027	DUF1027	false	https://www.ebi.ac.uk/interpro/entry/pfam/PF06265/
PF06278	PF06278.17	CNDH2_N	Condensin II complex subunit CAP-H2 or CNDH2, N-terminal	DUF1032	DUF1032	false	https://www.ebi.ac.uk/interpro/entry/pfam/PF06278/
PF06280	PF06280.19	fn3_5	Fn3-like domain	DUF1034	DUF1034	false	https://www.ebi.ac.uk/interpro/entry/pfam/PF06280/
PF06281	PF06281.18	VP1_VP3	Structural protein VP1/VP3	DUF1035	DUF1035	false	https://www.ebi.ac.uk/interpro/entry/pfam/PF06281/
PF06283	PF06283.18	ThuA	Trehalose utilisation	DUF1037	DUF1037	false	https://www.ebi.ac.uk/interpro/entry/pfam/PF06283/
PF06292	PF06292.24	MUN	MUN domain	DUF1041	DUF1041	false	https://www.ebi.ac.uk/interpro/entry/pfam/PF06292/
PF06294	PF06294.17	CH_2	CH-like domain in sperm protein	DUF1042	DUF1042	false	https://www.ebi.ac.uk/interpro/entry/pfam/PF06294/
PF06295	PF06295.18	ZapG-like	Z-ring associated protein G-like	DUF1043	DUF1043	false	https://www.ebi.ac.uk/interpro/entry/pfam/PF06295/
PF06296	PF06296.19	RelE	RelE toxin of RelE / RelB toxin-antitoxin system	DUF1044	DUF1044	false	https://www.ebi.ac.uk/interpro/entry/pfam/PF06296/
PF06303	PF06303.18	MatP	MatP N-terminal domain	DUF1047	DUF1047	false	https://www.ebi.ac.uk/interpro/entry/pfam/PF06303/
PF06305	PF06305.17	LapA_dom	Lipopolysaccharide assembly protein A domain	DUF1049	DUF1049	false	https://www.ebi.ac.uk/interpro/entry/pfam/PF06305/
PF06319	PF06319.20	MmcB-like	DNA repair protein MmcB-like	DUF1052	DUF1052	false	https://www.ebi.ac.uk/interpro/entry/pfam/PF06319/
PF06327	PF06327.20	Adcy_cons_dom	Adenylate cyclase, conserved domain	DUF1053	DUF1053	false	https://www.ebi.ac.uk/interpro/entry/pfam/PF06327/
PF06337	PF06337.18	DUSP	DUSP domain	DUF1055	DUF1055	false	https://www.ebi.ac.uk/interpro/entry/pfam/PF06337/
PF06358	PF06358.17	BNYVV_TGB3	Beet necrotic yellow vein virus, movement protein TGB3	DUF1065	DUF1065	false	https://www.ebi.ac.uk/interpro/entry/pfam/PF06358/
PF06376	PF06376.18	AGP	Arabinogalactan peptide	DUF1070	DUF1070	false	https://www.ebi.ac.uk/interpro/entry/pfam/PF06376/
PF06378	PF06378.17	SSAP_Sak	Sak Single Strand Annealing Protein	DUF1071	DUF1071	false	https://www.ebi.ac.uk/interpro/entry/pfam/PF06378/
PF06381	PF06381.17	Phage_portal_3	Phage portal protein	DUF1073	DUF1073;Abc1-like	false	https://www.ebi.ac.uk/interpro/entry/pfam/PF06381/
PF06382	PF06382.18	Protamine_like	Protamine and protamine like	DUF1074	DUF1074	false	https://www.ebi.ac.uk/interpro/entry/pfam/PF06382/
PF06416	PF06416.19	T3SS_NleG	Effector protein NleG	DUF1076	DUF1076	false	https://www.ebi.ac.uk/interpro/entry/pfam/PF06416/
PF06417	PF06417.18	EMC4	ER membrane protein complex subunit 4	DUF1077	DUF1077	false	https://www.ebi.ac.uk/interpro/entry/pfam/PF06417/
PF06429	PF06429.19	Flg_bbr_C	Flagellar basal body rod FlgEFG protein C-terminal	DUF1078	DUF1078	false	https://www.ebi.ac.uk/interpro/entry/pfam/PF06429/
PF06439	PF06439.19	3keto-disac_hyd	3-keto-alpha-glucoside-1,2-lyase-like domain	DUF1080	DUF1080	false	https://www.ebi.ac.uk/interpro/entry/pfam/PF06439/
PF06449	PF06449.16	YMF19_C	ATP synthase YMF19, C-terminal	DUF1082	DUF1082	false	https://www.ebi.ac.uk/interpro/entry/pfam/PF06449/
PF06452	PF06452.17	CBM9_1	Carbohydrate family 9 binding domain-like	DUF1083	DUF1083	false	https://www.ebi.ac.uk/interpro/entry/pfam/PF06452/
PF06454	PF06454.18	THH1_TOM1-3_dom	THH1/TOM1/TOM3 domain	DUF1084	DUF1084	false	https://www.ebi.ac.uk/interpro/entry/pfam/PF06454/
PF06458	PF06458.19	MucBP	MucBP domain	DUF1085	DUF1085	false	https://www.ebi.ac.uk/interpro/entry/pfam/PF06458/
PF06461	PF06461.18	CHDII_SANT-like	CHD subfamily II, SANT-like domain	DUF1086	DUF1086	false	https://www.ebi.ac.uk/interpro/entry/pfam/PF06461/
PF06475	PF06475.19	Glycolipid_bind	Putative glycolipid-binding	DUF1089	DUF1089	false	https://www.ebi.ac.uk/interpro/entry/pfam/PF06475/
PF06485	PF06485.18	Tab2-like_N	RNA-binding protein Tab2/Atab2 N terminal	DUF1092	DUF1092;Tab2_like	false	https://www.ebi.ac.uk/interpro/entry/pfam/PF06485/
PF06491	PF06491.17	Disulph_isomer	Disulphide isomerase	DUF1094	DUF1094	false	https://www.ebi.ac.uk/interpro/entry/pfam/PF06491/
PF06497	PF06497.17	Baculo_Ac102	Baculovirus Ac102	DUF1098	DUF1098	false	https://www.ebi.ac.uk/interpro/entry/pfam/PF06497/
PF06500	PF06500.18	FrsA-like	Esterase FrsA-like	DUF1100	DUF1100	false	https://www.ebi.ac.uk/interpro/entry/pfam/PF06500/
PF06532	PF06532.17	NrsF	Negative regulator of sigma F	DUF1109	DUF1109	false	https://www.ebi.ac.uk/interpro/entry/pfam/PF06532/
PF06537	PF06537.17	DHOR	Di-haem oxidoreductase, putative peroxidase	DUF1111	DUF1111	false	https://www.ebi.ac.uk/interpro/entry/pfam/PF06537/
PF06541	PF06541.17	ABC_trans_CmpB	Putative ABC-transporter type IV	DUF1113	DUF1113	false	https://www.ebi.ac.uk/interpro/entry/pfam/PF06541/
PF06542	PF06542.17	PHA-1	Regulator protein PHA-1	DUF1114	DUF1114	false	https://www.ebi.ac.uk/interpro/entry/pfam/PF06542/
PF06544	PF06544.19	Prp3_C	Small nuclear ribonucleoprotein Prp3, C-terminal domain	DUF1115	DUF1115	false	https://www.ebi.ac.uk/interpro/entry/pfam/PF06544/
PF06545	PF06545.18	AllG	Oxamate carbamoyltransferase subunit AllG	DUF1116	DUF1116	false	https://www.ebi.ac.uk/interpro/entry/pfam/PF06545/
PF06550	PF06550.16	SPP	Signal-peptide peptidase, presenilin aspartyl protease	DUF1119	DUF1119	false	https://www.ebi.ac.uk/interpro/entry/pfam/PF06550/
PF06565	PF06565.19	DM10_dom	DM10 domain	DUF1126	DUF1126	false	https://www.ebi.ac.uk/interpro/entry/pfam/PF06565/
PF06568	PF06568.17	YjiS-like	YjiS-like domain	DUF1127	DUF1127	false	https://www.ebi.ac.uk/interpro/entry/pfam/PF06568/
PF06577	PF06577.18	EipA	Envelope integrity protein A	DUF1134	DUF1134	false	https://www.ebi.ac.uk/interpro/entry/pfam/PF06577/
PF06581	PF06581.18	p31comet	Mad1 and Cdc20-bound-Mad2 binding	DUF1135	DUF1135	false	https://www.ebi.ac.uk/interpro/entry/pfam/PF06581/
PF06603	PF06603.18	UpxZ	UpxZ family of transcription anti-terminator antagonists	DUF1141	DUF1141	false	https://www.ebi.ac.uk/interpro/entry/pfam/PF06603/
PF06605	PF06605.19	Prophage_tail	Prophage endopeptidase tail	DUF1142	DUF1142	false	https://www.ebi.ac.uk/interpro/entry/pfam/PF06605/
PF06608	PF06608.16	CFAP68	Cilia- and flagella-associated protein 68	DUF1143	DUF1143	false	https://www.ebi.ac.uk/interpro/entry/pfam/PF06608/
PF06610	PF06610.19	AlaE	L-alanine exporter	DUF1144	DUF1144	false	https://www.ebi.ac.uk/interpro/entry/pfam/PF06610/
PF06615	PF06615.16	Circovir2_Orf1	Circovirus 2, Orf1	DUF1147	DUF1147	false	https://www.ebi.ac.uk/interpro/entry/pfam/PF06615/
PF06648	PF06648.18	AcMNPV_Ac75	Autographa californica nuclear polyhedrosis virus (AcMNPV), Ac75	DUF1160	DUF1160	false	https://www.ebi.ac.uk/interpro/entry/pfam/PF06648/
PF06653	PF06653.17	Claudin_3	Tight junction protein, Claudin-like	DUF1164	DUF1164	false	https://www.ebi.ac.uk/interpro/entry/pfam/PF06653/
PF06657	PF06657.19	Cep57_MT_bd	Centrosome microtubule-binding domain of Cep57	DUF1167	DUF1167	false	https://www.ebi.ac.uk/interpro/entry/pfam/PF06657/
PF06663	PF06663.19	CNK2_3_dom	Connector enhancer of kinase suppressor of ras 2/3 domain	DUF1170	DUF1170	false	https://www.ebi.ac.uk/interpro/entry/pfam/PF06663/
PF06664	PF06664.18	WLS-like_TM	Wntless-like, transmembrane domain	DUF1171	DUF1171;MIG-14_Ce;MIG-14_Wnt-bd	false	https://www.ebi.ac.uk/interpro/entry/pfam/PF06664/
PF06672	PF06672.18	MagC	MagC peptidoglycan-binding NlpC/P60-like protein	DUF1175	DUF1175	false	https://www.ebi.ac.uk/interpro/entry/pfam/PF06672/
PF06682	PF06682.18	SARAF	SOCE-associated regulatory factor of calcium homoeostasis	DUF1183	DUF1183	false	https://www.ebi.ac.uk/interpro/entry/pfam/PF06682/
PF06684	PF06684.17	AA_synth	Amino acid synthesis	DUF1185	DUF1185	false	https://www.ebi.ac.uk/interpro/entry/pfam/PF06684/
PF06690	PF06690.18	HcgC	FeGP cofactor biosynthesis protein, methyltransferase HcgC	DUF1188	DUF1188	false	https://www.ebi.ac.uk/interpro/entry/pfam/PF06690/
PF06702	PF06702.20	Fam20C	Golgi casein kinase, C-terminal, Fam20	DUF1193	DUF1193	false	https://www.ebi.ac.uk/interpro/entry/pfam/PF06702/
PF06713	PF06713.18	bPH_4	Bacterial PH domain	DUF1200	DUF1200	false	https://www.ebi.ac.uk/interpro/entry/pfam/PF06713/
PF06716	PF06716.16	MP_p6	Movement protein p6	DUF1201	DUF1201	false	https://www.ebi.ac.uk/interpro/entry/pfam/PF06716/
PF06722	PF06722.19	EryCIII-like_C	Erythromycin biosynthesis protein CIII-like, C-terminal domain	DUF1205	DUF1205	false	https://www.ebi.ac.uk/interpro/entry/pfam/PF06722/
PF06730	PF06730.17	FAM92	FAM92 protein	DUF1208	DUF1208	false	https://www.ebi.ac.uk/interpro/entry/pfam/PF06730/
PF06736	PF06736.17	TMEM175	Endosomal/lysosomal potassium channel TMEM175	DUF1211	DUF1211	false	https://www.ebi.ac.uk/interpro/entry/pfam/PF06736/
PF06738	PF06738.19	ThrE	Putative threonine/serine exporter	DUF1212	DUF1212	false	https://www.ebi.ac.uk/interpro/entry/pfam/PF06738/
PF06740	PF06740.18	MAP_Futsch	Microtubule associated protein Futsch	DUF1213	DUF1213	false	https://www.ebi.ac.uk/interpro/entry/pfam/PF06740/
PF06744	PF06744.19	IcmF_C	Type VI secretion protein IcmF C2-like domain	DUF1215	DUF1215	false	https://www.ebi.ac.uk/interpro/entry/pfam/PF06744/
PF06755	PF06755.19	CbtA_toxin	CbtA_toxin of type IV toxin-antitoxin system	DUF1219	DUF1219	false	https://www.ebi.ac.uk/interpro/entry/pfam/PF06755/
PF06758	PF06758.19	Olduvai	Olduvai domain	DUF1220	DUF1220	false	https://www.ebi.ac.uk/interpro/entry/pfam/PF06758/
PF06762	PF06762.21	LMF1	Lipase maturation factor transmembrane domain	DUF1222	DUF1222	false	https://www.ebi.ac.uk/interpro/entry/pfam/PF06762/
PF06769	PF06769.21	YoeB_toxin	YoeB-like toxin of bacterial type II toxin-antitoxin system	DUF1224	DUF1224;Plasmid_Txe	false	https://www.ebi.ac.uk/interpro/entry/pfam/PF06769/
PF06775	PF06775.20	Seipin	Putative adipose-regulatory protein (Seipin)	DUF1226	DUF1226	false	https://www.ebi.ac.uk/interpro/entry/pfam/PF06775/
PF06777	PF06777.18	HBB	Helical and beta-bridge domain	DUF1227	DUF1227	false	https://www.ebi.ac.uk/interpro/entry/pfam/PF06777/
PF06779	PF06779.21	MFS_4	Uncharacterised MFS-type transporter YbfB	DUF1228	DUF1228	false	https://www.ebi.ac.uk/interpro/entry/pfam/PF06779/
PF06781	PF06781.18	CrgA	Cell division protein CrgA	UPF0233	UPF0233	false	https://www.ebi.ac.uk/interpro/entry/pfam/PF06781/
PF06787	PF06787.17	HcgF	FeGP cofactor biosynthesis protein HcgF	UPF0254	UPF0254	false	https://www.ebi.ac.uk/interpro/entry/pfam/PF06787/
PF06789	PF06789.18	MINAR1_C	MINAR1 C-terminal domain	UPF0258	UPF0258	false	https://www.ebi.ac.uk/interpro/entry/pfam/PF06789/
PF06799	PF06799.17	CGLD27-like	Conserved in the green lineage and diatoms 27	DUF1230	DUF1230	false	https://www.ebi.ac.uk/interpro/entry/pfam/PF06799/
PF06821	PF06821.20	Ser_hydrolase	Serine hydrolase	DUF1234	DUF1234	false	https://www.ebi.ac.uk/interpro/entry/pfam/PF06821/
PF06824	PF06824.18	Glyco_hydro_125	Metal-independent alpha-mannosidase (GH125)	DUF1237	DUF1237;GLYCO_HYDRO_125	false	https://www.ebi.ac.uk/interpro/entry/pfam/PF06824/
PF06835	PF06835.19	LptC	Lipopolysaccharide-assembly, LptC-related	DUF1239	DUF1239	false	https://www.ebi.ac.uk/interpro/entry/pfam/PF06835/
PF06840	PF06840.18	PDC10_C	Programmed cell death protein 10, C-terminal	DUF1241	DUF1241	false	https://www.ebi.ac.uk/interpro/entry/pfam/PF06840/
PF06855	PF06855.18	YozE_SAM_like	YozE SAM-like fold	DUF1250	DUF1250;YozE_like	false	https://www.ebi.ac.uk/interpro/entry/pfam/PF06855/
PF06856	PF06856.17	AcMNPV_Orf17	Autographa californica nuclear polyhedrosis virus (AcMNPV), Orf17	DUF1251	DUF1251	false	https://www.ebi.ac.uk/interpro/entry/pfam/PF06856/
PF06862	PF06862.18	Utp25_C	Utp25, C-terminal domain	DUF1253	DUF1253;UTP25	false	https://www.ebi.ac.uk/interpro/entry/pfam/PF06862/
PF06865	PF06865.18	Ppnp	Pyrimidine/purine nucleoside phosphorylase	DUF1255	DUF1255	false	https://www.ebi.ac.uk/interpro/entry/pfam/PF06865/
PF06871	PF06871.16	TraH_2	TraH_2	DUF1259	DUF1259	false	https://www.ebi.ac.uk/interpro/entry/pfam/PF06871/
PF06877	PF06877.17	RraB	Regulator of ribonuclease activity B	DUF1260	DUF1260	false	https://www.ebi.ac.uk/interpro/entry/pfam/PF06877/
PF06896	PF06896.18	Phage_TAC_3	Phage tail assembly chaperone proteins, TAC	DUF1268	DUF1268	false	https://www.ebi.ac.uk/interpro/entry/pfam/PF06896/
PF06902	PF06902.17	Fer4_19	Divergent 4Fe-4S mono-cluster	DUF1271	DUF1271	false	https://www.ebi.ac.uk/interpro/entry/pfam/PF06902/
PF06908	PF06908.17	YpsA	YspA SLOG family	DUF1273	DUF1273	false	https://www.ebi.ac.uk/interpro/entry/pfam/PF06908/
PF06916	PF06916.19	FAM210A-B_dom	FAM210A/B-like domain	DUF1279	DUF1279	false	https://www.ebi.ac.uk/interpro/entry/pfam/PF06916/
PF06938	PF06938.17	DUF1285_N	Domain of unknown function (DUF1285), N-terminal domain	DUF1285	DUF1285	true	https://www.ebi.ac.uk/interpro/entry/pfam/PF06938/
PF06972	PF06972.18	GIP1_N	GBF-interacting protein 1 N-terminal	DUF1296	DUF1296	false	https://www.ebi.ac.uk/interpro/entry/pfam/PF06972/
PF06974	PF06974.19	WS_DGAT_C	WS/DGAT C-terminal domain	DUF1298	DUF1298	false	https://www.ebi.ac.uk/interpro/entry/pfam/PF06974/
PF06979	PF06979.19	TMEM70	TMEM70/TMEM186/TMEM223 protein family	DUF1301	DUF1301	false	https://www.ebi.ac.uk/interpro/entry/pfam/PF06979/
PF06996	PF06996.17	T6SS_TssG	Type VI secretion, TssG	DUF1305	DUF1305;T6SS_VasB	false	https://www.ebi.ac.uk/interpro/entry/pfam/PF06996/
PF07004	PF07004.18	SHIPPO-rpt	Sperm-tail PG-rich repeat	DUF1309	DUF1309	false	https://www.ebi.ac.uk/interpro/entry/pfam/PF07004/
PF07005	PF07005.17	SBD_N	Sugar-binding N-terminal domain	DUF1537	Hop;PF07005;DUF1537	false	https://www.ebi.ac.uk/interpro/entry/pfam/PF07005/
PF07007	PF07007.18	LprI	Lysozyme inhibitor LprI	DUF1311	DUF1311	false	https://www.ebi.ac.uk/interpro/entry/pfam/PF07007/
PF07009	PF07009.17	NusG_II	NusG domain II	DUF1312	DUF1312	false	https://www.ebi.ac.uk/interpro/entry/pfam/PF07009/
PF07011	PF07011.17	Elf4	Early Flowering 4 domain	DUF1313	DUF1313	false	https://www.ebi.ac.uk/interpro/entry/pfam/PF07011/
PF07030	PF07030.18	Phage_Mu_Gp36	Bacteriophage Mu, Gp36	DUF1320	DUF1320	false	https://www.ebi.ac.uk/interpro/entry/pfam/PF07030/
PF07037	PF07037.18	YfeC-like	Transcription regulator YfeC-like	DUF1323	DUF1323	false	https://www.ebi.ac.uk/interpro/entry/pfam/PF07037/
PF07038	PF07038.17	Circovir2_Orf4	Circovirus 2, anti-apoptotic ORF4	DUF1324	DUF1324	false	https://www.ebi.ac.uk/interpro/entry/pfam/PF07038/
PF07039	PF07039.18	SGF29_Tudor	SGF29 tudor-like domain	DUF1325	DUF1325	false	https://www.ebi.ac.uk/interpro/entry/pfam/PF07039/
PF07059	PF07059.18	EDR2_C	Protein ENHANCED DISEASE RESISTANCE 2, C-terminal	DUF1336	DUF1336	false	https://www.ebi.ac.uk/interpro/entry/pfam/PF07059/
PF07061	PF07061.17	Swi5	Swi5	DUF1337	DUF1337	false	https://www.ebi.ac.uk/interpro/entry/pfam/PF07061/
PF07063	PF07063.20	HGLS	2-oxoadipate dioxygenase/decarboxylase	DUF1338	DUF1338	false	https://www.ebi.ac.uk/interpro/entry/pfam/PF07063/
PF07064	PF07064.20	RIC1	RIC1 C-terminal alpha solenoid region	DUF1339	DUF1339	false	https://www.ebi.ac.uk/interpro/entry/pfam/PF07064/
PF07071	PF07071.18	KDGP_aldolase	KDGP aldolase	DUF1341	DUF1341	false	https://www.ebi.ac.uk/interpro/entry/pfam/PF07071/
PF07072	PF07072.17	ZapD	Cell division protein	DUF1342	DUF1342	false	https://www.ebi.ac.uk/interpro/entry/pfam/PF07072/
PF07075	PF07075.18	NamZ_N	Exo-beta-N-acetylmuramidase NamZ, N-terminal	DUF1343	DUF1343	false	https://www.ebi.ac.uk/interpro/entry/pfam/PF07075/
PF07077	PF07077.17	BPSS1818	Virulence factor BPSS1818	DUF1345	DUF1345	false	https://www.ebi.ac.uk/interpro/entry/pfam/PF07077/
PF07078	PF07078.16	FYTT	Forty-two-three protein	DUF1346	DUF1346	false	https://www.ebi.ac.uk/interpro/entry/pfam/PF07078/
PF07086	PF07086.18	Jagunal	Jagunal, ER re-organisation during oogenesis	DUF1352	DUF1352	false	https://www.ebi.ac.uk/interpro/entry/pfam/PF07086/
PF07090	PF07090.18	GATase1_like	Putative glutamine amidotransferase	DUF1355	DUF1355	false	https://www.ebi.ac.uk/interpro/entry/pfam/PF07090/
PF07092	PF07092.19	TMEM106	TM106 protein C-terminal domain	DUF1356	DUF1356	false	https://www.ebi.ac.uk/interpro/entry/pfam/PF07092/
PF07100	PF07100.17	ASRT	Anabaena sensory rhodopsin transducer	DUF1362	DUF1362	false	https://www.ebi.ac.uk/interpro/entry/pfam/PF07100/
PF07102	PF07102.18	YbcO	Putative nuclease YbcO	DUF1364	DUF1364	false	https://www.ebi.ac.uk/interpro/entry/pfam/PF07102/
PF07114	PF07114.17	TMEM126	Transmembrane protein 126	DUF1370	DUF1370	false	https://www.ebi.ac.uk/interpro/entry/pfam/PF07114/
PF07126	PF07126.19	ZapC_C	Cell-division protein ZapC, C-terminal	DUF1379	DUF1379;ZapC	false	https://www.ebi.ac.uk/interpro/entry/pfam/PF07126/
PF07134	PF07134.18	AcMNPV_Orf18	Autographa californica nuclear polyhedrosis virus (AcMNPV), Orf18	DUF1383	DUF1383	false	https://www.ebi.ac.uk/interpro/entry/pfam/PF07134/
PF07138	PF07138.18	AcMNPV_AC11	Baculovirus protein AC11	DUF1386	DUF1386	false	https://www.ebi.ac.uk/interpro/entry/pfam/PF07138/
PF07139	PF07139.17	SPATS2-like	Spermatogenesis-associated serine-rich protein 2-like	DUF1387	DUF1387	false	https://www.ebi.ac.uk/interpro/entry/pfam/PF07139/
PF07155	PF07155.18	ECF-ribofla_trS	ECF-type riboflavin transporter, S component	DUF1393	DUF1393	false	https://www.ebi.ac.uk/interpro/entry/pfam/PF07155/
PF07159	PF07159.18	CYRIA-B_Rac1-bd	CYRIA/CYRIB Rac1 binding domain	DUF1394	DUF1394	false	https://www.ebi.ac.uk/interpro/entry/pfam/PF07159/
PF07160	PF07160.19	SKA1	Spindle and kinetochore-associated protein 1	DUF1395	DUF1395	false	https://www.ebi.ac.uk/interpro/entry/pfam/PF07160/
PF07161	PF07161.20	LppX_LprAFG	LppX_LprAFG lipoprotein	DUF1396	DUF1396;PF07161	false	https://www.ebi.ac.uk/interpro/entry/pfam/PF07161/
PF07173	PF07173.18	GRDP-like	Glycine-rich domain-containing protein-like	DUF1399	DUF1399	false	https://www.ebi.ac.uk/interpro/entry/pfam/PF07173/
PF07180	PF07180.19	CaiF_GrlA	CaiF/GrlA transcriptional regulator	DUF1401	DUF1401	false	https://www.ebi.ac.uk/interpro/entry/pfam/PF07180/
PF07190	PF07190.17	CrmD_SECRET	Tumour necrosis factor receptor, SECRET domain	DUF1406	DUF1406	false	https://www.ebi.ac.uk/interpro/entry/pfam/PF07190/
PF07191	PF07191.18	Zn_ribbon_6	Double zinc ribbon	DUF1407	DUF1407;zinc-ribbons_6	false	https://www.ebi.ac.uk/interpro/entry/pfam/PF07191/
PF07227	PF07227.18	PHD_Oberon	PHD - plant homeodomain finger protein	DUF1423	DUF1423	false	https://www.ebi.ac.uk/interpro/entry/pfam/PF07227/
PF07234	PF07234.18	Babuvirus_MP	Movement and RNA silencing protein	DUF1426	DUF1426	false	https://www.ebi.ac.uk/interpro/entry/pfam/PF07234/
PF07254	PF07254.18	Cpta_toxin	Membrane-bound toxin component of toxin-antitoxin system	DUF1434	DUF1434	false	https://www.ebi.ac.uk/interpro/entry/pfam/PF07254/
PF07262	PF07262.18	CdiI	CDI immunity protein	DUF1436	DUF1436	false	https://www.ebi.ac.uk/interpro/entry/pfam/PF07262/
PF07280	PF07280.18	Ac110_PIF	Per os infectivity factor AC110	DUF1443	DUF1443	false	https://www.ebi.ac.uk/interpro/entry/pfam/PF07280/
PF07286	PF07286.18	D-Glu_cyclase	D-glutamate cyclase	DUF1445	DUF1445	false	https://www.ebi.ac.uk/interpro/entry/pfam/PF07286/
PF07287	PF07287.18	AtuA	Acyclic terpene utilisation family protein AtuA	DUF1446	DUF1446	false	https://www.ebi.ac.uk/interpro/entry/pfam/PF07287/
PF07288	PF07288.17	RpoY	RNA polymerase epsilon subunit	DUF1447	DUF1447	false	https://www.ebi.ac.uk/interpro/entry/pfam/PF07288/
PF07289	PF07289.19	BBL5	Bardet-Biedl syndrome 5 protein N-terminal PH-like domain	DUF1448	DUF1448	false	https://www.ebi.ac.uk/interpro/entry/pfam/PF07289/
PF07290	PF07290.18	YqiJ_OB	Inner membrane protein YqiJ, OB-fold	DUF1449	DUF1449	false	https://www.ebi.ac.uk/interpro/entry/pfam/PF07290/
PF07310	PF07310.20	PAS_5	PAS domain	DUF1457	DUF1457	false	https://www.ebi.ac.uk/interpro/entry/pfam/PF07310/
PF07311	PF07311.18	Dodecin	Dodecin	DUF1458	DUF1458	false	https://www.ebi.ac.uk/interpro/entry/pfam/PF07311/
PF07313	PF07313.19	AmiA-like	N-acetylmuramoyl-L-alanine amidase-like	DUF1460	DUF1460	false	https://www.ebi.ac.uk/interpro/entry/pfam/PF07313/
PF07314	PF07314.18	Lit	Lipoprotein intramolecular transacylase Lit	DUF1461	DUF1461	false	https://www.ebi.ac.uk/interpro/entry/pfam/PF07314/
PF07326	PF07326.17	RCS1	Regulator of chromosome segregation 1	DUF1466	DUF1466	false	https://www.ebi.ac.uk/interpro/entry/pfam/PF07326/
PF07331	PF07331.17	TctB	Tripartite tricarboxylate transporter TctB family	DUF1468	DUF1468	false	https://www.ebi.ac.uk/interpro/entry/pfam/PF07331/
PF07332	PF07332.17	Phage_holin_3_6	Putative Actinobacterial Holin-X, holin superfamily III	DUF1469	DUF1469	false	https://www.ebi.ac.uk/interpro/entry/pfam/PF07332/
PF07336	PF07336.17	ABATE	Putative stress-induced transcription regulator	DUF1470	DUF1470	false	https://www.ebi.ac.uk/interpro/entry/pfam/PF07336/
PF07338	PF07338.19	YdgH_BhsA-like	YdgH/BhsA/McbA-like domain	DUF1471	DUF1471	false	https://www.ebi.ac.uk/interpro/entry/pfam/PF07338/
PF07342	PF07342.18	TscT	TscT toxin protein	DUF1474	DUF1474	false	https://www.ebi.ac.uk/interpro/entry/pfam/PF07342/
PF07345	PF07345.17	ATPaseInh_sub_z	ATPase inhibitor subunit zeta	DUF1476	DUF1476	false	https://www.ebi.ac.uk/interpro/entry/pfam/PF07345/
PF07350	PF07350.20	Gig2-like	Gig2-like	DUF1479	DUF1479	false	https://www.ebi.ac.uk/interpro/entry/pfam/PF07350/
PF07366	PF07366.19	SnoaL	SnoaL-like polyketide cyclase	DUF1486	DUF1486	false	https://www.ebi.ac.uk/interpro/entry/pfam/PF07366/
PF07381	PF07381.18	EarA	EarA-like	DUF1495	DUF1495	false	https://www.ebi.ac.uk/interpro/entry/pfam/PF07381/
PF07385	PF07385.19	Lyx_isomer	D-lyxose isomerase	DUF1498	DUF1498	false	https://www.ebi.ac.uk/interpro/entry/pfam/PF07385/
PF07389	PF07389.18	Pox_B6	Vaccinia B6 protein	DUF1500	DUF1500	false	https://www.ebi.ac.uk/interpro/entry/pfam/PF07389/
PF07399	PF07399.18	Na_H_antiport_3	Putative Na+/H+ antiporter	DUF1504	DUF1504	false	https://www.ebi.ac.uk/interpro/entry/pfam/PF07399/
PF07485	PF07485.17	DUF1529	Domain of Unknown Function (DUF1259)	DUF1259	DUF1259	true	https://www.ebi.ac.uk/interpro/entry/pfam/PF07485/
PF07510	PF07510.17	GmrSD_C	GmrSD restriction endonucleases, C-terminal domain	DUF1524	DUF1524	false	https://www.ebi.ac.uk/interpro/entry/pfam/PF07510/
PF07515	PF07515.18	TraI_2_C	Putative conjugal transfer nickase/helicase TraI C-term	DUF1528	DUF1528	false	https://www.ebi.ac.uk/interpro/entry/pfam/PF07515/
PF07543	PF07543.18	PGA2	Protein trafficking PGA2	DUF1531	DUF1531	false	https://www.ebi.ac.uk/interpro/entry/pfam/PF07543/
PF07550	PF07550.18	Shr-like_HID	Heme-binding protein Shr-like, Hb-interacting domain	DUF1533	DUF1533	false	https://www.ebi.ac.uk/interpro/entry/pfam/PF07550/
PF07553	PF07553.17	Lipoprotein_Ltp	Host cell surface-exposed lipoprotein	DUF1535	DUF1535	false	https://www.ebi.ac.uk/interpro/entry/pfam/PF07553/
PF07571	PF07571.20	TAF6_C	TAF6 C-terminal HEAT repeat domain	DUF1546	DUF1546	false	https://www.ebi.ac.uk/interpro/entry/pfam/PF07571/
PF07583	PF07583.17	PSCyt2	Protein of unknown function (DUF1549)	DUF1549	DUF1549;PSC2	false	https://www.ebi.ac.uk/interpro/entry/pfam/PF07583/
PF07584	PF07584.17	BatA	Aerotolerance regulator N-terminal	DUF1550	DUF1550	false	https://www.ebi.ac.uk/interpro/entry/pfam/PF07584/
PF07585	PF07585.18	BBP7	Putative beta barrel porin-7 (BBP7)	DUF1551	DUF1551	false	https://www.ebi.ac.uk/interpro/entry/pfam/PF07585/
PF07586	PF07586.17	HXXSHH	Protein of unknown function (DUF1552)	DUF1552	DUF1552	false	https://www.ebi.ac.uk/interpro/entry/pfam/PF07586/
PF07587	PF07587.17	PSD1	Protein of unknown function (DUF1553)	DUF1553	DUF1553	false	https://www.ebi.ac.uk/interpro/entry/pfam/PF07587/
PF07589	PF07589.17	PEP_exosort_dom	PEP-CTERM protein-sorting motif	DUF1555	DUF1555;VPEP;PEP-CTERM	false	https://www.ebi.ac.uk/interpro/entry/pfam/PF07589/
PF07591	PF07591.16	PT-HINT	Pretoxin HINT domain	DUF1557	DUF1557	false	https://www.ebi.ac.uk/interpro/entry/pfam/PF07591/
PF07596	PF07596.17	SBP_bac_10	Protein of unknown function (DUF1559)	DUF1559	DUF1559	false	https://www.ebi.ac.uk/interpro/entry/pfam/PF07596/
PF07603	PF07603.18	Lcl_C	Lcl C-terminal domain	DUF1566	DUF1566	false	https://www.ebi.ac.uk/interpro/entry/pfam/PF07603/
PF07624	PF07624.17	PSD2	Protein of unknown function (DUF1585)	DUF1585	DUF1585	false	https://www.ebi.ac.uk/interpro/entry/pfam/PF07624/
PF07626	PF07626.17	PSD3	Protein of unknown function (DUF1587)	DUF1587	DUF1587	false	https://www.ebi.ac.uk/interpro/entry/pfam/PF07626/
PF07627	PF07627.17	PSCyt3	Protein of unknown function (DUF1588)	DUF1588	DUF1588;PSC1	false	https://www.ebi.ac.uk/interpro/entry/pfam/PF07627/
PF07631	PF07631.17	PSD4	Protein of unknown function (DUF1592)	DUF1592	DUF1592	false	https://www.ebi.ac.uk/interpro/entry/pfam/PF07631/
PF07632	PF07632.17	Sde182_NH-like	Cellulose-binding Sde182, nucleoside hydrolase-like domain	DUF1593	DUF1593	false	https://www.ebi.ac.uk/interpro/entry/pfam/PF07632/
PF07637	PF07637.17	PSD5	Protein of unknown function (DUF1595)	DUF1595	DUF1595	false	https://www.ebi.ac.uk/interpro/entry/pfam/PF07637/
PF07642	PF07642.18	BBP2	Putative beta-barrel porin-2, OmpL-like. bbp2	DUF1597	DUF1597	false	https://www.ebi.ac.uk/interpro/entry/pfam/PF07642/
PF07705	PF07705.18	CARDB	CARDB	DUF1604	DUF1604;APHP	false	https://www.ebi.ac.uk/interpro/entry/pfam/PF07705/
PF07717	PF07717.23	OB_NTP_bind	Oligonucleotide/oligosaccharide-binding (OB)-fold	DUF1605	DUF1605	false	https://www.ebi.ac.uk/interpro/entry/pfam/PF07717/
PF07718	PF07718.19	Coatamer_beta_C	Coatomer beta C-terminal region	DUF1606	DUF1606	false	https://www.ebi.ac.uk/interpro/entry/pfam/PF07718/
PF07734	PF07734.19	FBA_1	F-box associated beta propeller domain	DUF1607	DUF1607	false	https://www.ebi.ac.uk/interpro/entry/pfam/PF07734/
PF07752	PF07752.17	S-layer	S-layer protein	DUF1608	DUF1608	false	https://www.ebi.ac.uk/interpro/entry/pfam/PF07752/
PF07754	PF07754.18	Ribosomal_aS21	Ribosomal protein aS21	DUF1610	DUF1610;HVO_2753_ZBP	false	https://www.ebi.ac.uk/interpro/entry/pfam/PF07754/
PF07757	PF07757.19	AdoMet_MTase	Predicted AdoMet-dependent methyltransferase	DUF1613	DUF1613	false	https://www.ebi.ac.uk/interpro/entry/pfam/PF07757/
PF07773	PF07773.17	TCTN_DUF1619	Tectonic domain of DUF1619	DUF1619	DUF1619	true	https://www.ebi.ac.uk/interpro/entry/pfam/PF07773/
PF07774	PF07774.20	EMC1_C	ER membrane protein complex subunit 1, second beta-propeller	DUF1620	DUF1620	false	https://www.ebi.ac.uk/interpro/entry/pfam/PF07774/
PF07786	PF07786.19	HGSNAT_cat	Heparan-alpha-glucosaminide N-acetyltransferase, catalytic	DUF1624	DUF1624	false	https://www.ebi.ac.uk/interpro/entry/pfam/PF07786/
PF07787	PF07787.18	TMEM43	Transmembrane protein 43	DUF1625	DUF1625	false	https://www.ebi.ac.uk/interpro/entry/pfam/PF07787/
PF07788	PF07788.18	PDDEXK_10	PD-(D/E)XK nuclease superfamily	DUF1626	DUF1626	false	https://www.ebi.ac.uk/interpro/entry/pfam/PF07788/
PF07790	PF07790.18	Pilin_N	Archaeal Type IV pilin, N-terminal	DUF1628	DUF1628	false	https://www.ebi.ac.uk/interpro/entry/pfam/PF07790/
PF07791	PF07791.17	Imm11	Immunity protein family (Imm11)	DUF1629	DUF1629	false	https://www.ebi.ac.uk/interpro/entry/pfam/PF07791/
PF07792	PF07792.18	Afi1	Docking domain of Afi1 for Arf3 in vesicle trafficking	DUF1630	DUF1630	false	https://www.ebi.ac.uk/interpro/entry/pfam/PF07792/
PF07798	PF07798.17	CCDC90-like	Coiled-coil domain-containing protein 90-like	DUF1640	DUF1640	false	https://www.ebi.ac.uk/interpro/entry/pfam/PF07798/
PF07847	PF07847.19	PCO_ADO	PCO_ADO	DUF1637	DUF1637	false	https://www.ebi.ac.uk/interpro/entry/pfam/PF07847/
PF07849	PF07849.17	HMP	Helical membrane plugin	DUF1641	DUF1641	false	https://www.ebi.ac.uk/interpro/entry/pfam/PF07849/
PF07855	PF07855.18	ATG101	Autophagy-related protein 101	DUF1649	DUF1649	false	https://www.ebi.ac.uk/interpro/entry/pfam/PF07855/
PF07856	PF07856.18	Orai-1	Mediator of CRAC channel activity	DUF1650	DUF1650;Orai-1_Ce	false	https://www.ebi.ac.uk/interpro/entry/pfam/PF07856/
PF07857	PF07857.18	TMEM144	Transmembrane family, TMEM144 of transporters	DUF1632	DUF1632	false	https://www.ebi.ac.uk/interpro/entry/pfam/PF07857/
PF07878	PF07878.18	RHH_5	CopG-like RHH_1 or ribbon-helix-helix domain, RHH_5	DUF1662	DUF1662	false	https://www.ebi.ac.uk/interpro/entry/pfam/PF07878/
PF07890	PF07890.18	Rrp15p	Rrp15p	DUF1665	DUF1665	false	https://www.ebi.ac.uk/interpro/entry/pfam/PF07890/
PF07894	PF07894.19	SACK1	Scaffolding anchor of CK1 domain	DUF1669	DUF1669;FAM83	false	https://www.ebi.ac.uk/interpro/entry/pfam/PF07894/
PF07897	PF07897.17	EAR	Ethylene-responsive binding factor-associated repression	DUF1675	DUF1675	false	https://www.ebi.ac.uk/interpro/entry/pfam/PF07897/
PF07910	PF07910.20	Peptidase_C78	Peptidase family C78	DUF1671	DUF1671	false	https://www.ebi.ac.uk/interpro/entry/pfam/PF07910/
PF07944	PF07944.19	Beta-AFase-like_GH127_cat	Beta-L-arabinofuranosidase, GH127 catalytic domain	DUF1680	DUF1680;Glyco_hydro_127	false	https://www.ebi.ac.uk/interpro/entry/pfam/PF07944/
PF07946	PF07946.20	CCDC47	PAT complex subunit CCDC47	DUF1682	DUF1682	false	https://www.ebi.ac.uk/interpro/entry/pfam/PF07946/
PF07950	PF07950.17	MCP1_TM	MDM10-complementing protein 1, transmembrane domain	DUF1691	DUF1691	false	https://www.ebi.ac.uk/interpro/entry/pfam/PF07950/
PF07970	PF07970.18	COPIIcoated_ERV	Endoplasmic reticulum vesicle transporter	DUF1692	DUF1692;Erv41;Erv46	false	https://www.ebi.ac.uk/interpro/entry/pfam/PF07970/
PF07984	PF07984.19	NTP_transf_7	Nucleotidyltransferase	DUF1693	DUF1693	false	https://www.ebi.ac.uk/interpro/entry/pfam/PF07984/
PF07998	PF07998.18	Peptidase_M54	Peptidase family M54	DUF1695	DUF1695	false	https://www.ebi.ac.uk/interpro/entry/pfam/PF07998/
PF08000	PF08000.18	bPH_1	Bacterial PH domain	DUF1696	DUF1696	false	https://www.ebi.ac.uk/interpro/entry/pfam/PF08000/
PF08003	PF08003.18	Methyltransf_9	Protein of unknown function (DUF1698)	DUF1698	DUF1698	false	https://www.ebi.ac.uk/interpro/entry/pfam/PF08003/
PF08006	PF08006.17	HAAS_TM	HAAS transmembrane region	DUF1700	DUF1700	false	https://www.ebi.ac.uk/interpro/entry/pfam/PF08006/
PF08007	PF08007.19	JmjC_2	JmjC domain	DUF1701	DUF1701;Cupin_4	false	https://www.ebi.ac.uk/interpro/entry/pfam/PF08007/
PF08011	PF08011.18	PDDEXK_9	PD-(D/E)XK nuclease superfamily	DUF1703	DUF1703	false	https://www.ebi.ac.uk/interpro/entry/pfam/PF08011/
PF08014	PF08014.18	MATCAP	Microtubule-associated tyrosine carboxypeptidase	DUF1704	DUF1704	false	https://www.ebi.ac.uk/interpro/entry/pfam/PF08014/
PF08019	PF08019.18	EptA_B_N	Phosphoethanolamine transferase EptA/EptB	DUF1705	DUF1705	false	https://www.ebi.ac.uk/interpro/entry/pfam/PF08019/
PF08101	PF08101.17	Msb1-Mug8_dom	Meiotically up-regulated protein Msb1/Mug8 domain	DUF1708	DUF1708	false	https://www.ebi.ac.uk/interpro/entry/pfam/PF08101/
PF08174	PF08174.18	Anillin	Cell division protein anillin	DUF1709	DUF1709	false	https://www.ebi.ac.uk/interpro/entry/pfam/PF08174/
PF08193	PF08193.17	INO80_Ies4	INO80 complex subunit Ies4	DUF1711	DUF1711	false	https://www.ebi.ac.uk/interpro/entry/pfam/PF08193/
PF08213	PF08213.17	COX24_C	Mitochondrial mRNA-processing protein COX24, C-terminal	DUF1713	DUF1713	false	https://www.ebi.ac.uk/interpro/entry/pfam/PF08213/
PF08214	PF08214.19	HAT_KAT11	Histone acetyltransferase KAT11-type domain	DUF1714	DUF1714;RTT109;KAT11	false	https://www.ebi.ac.uk/interpro/entry/pfam/PF08214/
PF08216	PF08216.18	CTNNBL	Catenin-beta-like, Arm-motif containing nuclear	DUF1716	DUF1716	false	https://www.ebi.ac.uk/interpro/entry/pfam/PF08216/
PF08227	PF08227.17	DASH_Hsk3	DASH complex subunit Hsk3 like	DUF1721	DUF1721	false	https://www.ebi.ac.uk/interpro/entry/pfam/PF08227/
PF08331	PF08331.16	QueG_DUF1730	Epoxyqueuosine reductase QueG, DUF1730	DUF1730	DUF1730	true	https://www.ebi.ac.uk/interpro/entry/pfam/PF08331/
PF08340	PF08340.17	YicC-like_C	Endoribonuclease YicC-like, C-terminal	DUF1732	DUF1732	false	https://www.ebi.ac.uk/interpro/entry/pfam/PF08340/
PF08350	PF08350.18	FilR1_middle	Methanogenesis regulatory protein FilR1, middle domain	DUF1724	DUF1724	false	https://www.ebi.ac.uk/interpro/entry/pfam/PF08350/
PF08351	PF08351.19	TmcA_N	tRNA(Met) cytidine acetyltransferase TmcA, N-terminal	DUF1726	DUF1726	false	https://www.ebi.ac.uk/interpro/entry/pfam/PF08351/
PF08353	PF08353.16	MurT_C	MurT ligase C-terminal	DUF1727	DUF1727	false	https://www.ebi.ac.uk/interpro/entry/pfam/PF08353/
PF08354	PF08354.16	Fas1-AflB-like_hel	Fatty acid synthase subunit beta/Fas1-like, helical	DUF1729	DUF1729	false	https://www.ebi.ac.uk/interpro/entry/pfam/PF08354/
PF08401	PF08401.17	ArdcN	N-terminal domain of anti-restriction factor ArdC	DUF1738	DUF1738	false	https://www.ebi.ac.uk/interpro/entry/pfam/PF08401/
PF08409	PF08409.17	TMTC_DUF1736	Protein O-mannosyl-transferase TMTC, DUF1736	DUF1736	DUF1736	true	https://www.ebi.ac.uk/interpro/entry/pfam/PF08409/
PF08424	PF08424.16	NRDE-2	NRDE-2, necessary for RNA interference	DUF1740	DUF1740	false	https://www.ebi.ac.uk/interpro/entry/pfam/PF08424/
PF08427	PF08427.16	ARMH3_C	Armadillo-like helical domain-containing protein 3, C-terminal	DUF1741	DUF1741	false	https://www.ebi.ac.uk/interpro/entry/pfam/PF08427/
PF08432	PF08432.16	Vfa1	AAA-ATPase Vps4-associated protein 1	DUF1742	DUF1742	false	https://www.ebi.ac.uk/interpro/entry/pfam/PF08432/
PF08489	PF08489.17	TiaS_FLD	TiaS FLD domain	DUF1743	DUF1743	false	https://www.ebi.ac.uk/interpro/entry/pfam/PF08489/
PF08495	PF08495.16	FIST	FIST N domain	DUF1745	DUF1745	false	https://www.ebi.ac.uk/interpro/entry/pfam/PF08495/
PF08512	PF08512.19	Rttp106-like_middle	Histone chaperone Rttp106-like, middle domain	DUF1747	DUF1747;Rtt106	false	https://www.ebi.ac.uk/interpro/entry/pfam/PF08512/
PF08520	PF08520.16	Mitofissin	Mitofissin	DUF1748	DUF1748	false	https://www.ebi.ac.uk/interpro/entry/pfam/PF08520/
PF08522	PF08522.17	BT_3987-like_N	BT_3987-like, N-terminal domain	DUF1735	DUF1735	false	https://www.ebi.ac.uk/interpro/entry/pfam/PF08522/
PF08549	PF08549.16	SWI-SNF_Ssr4_N	SWI/SNF and RSC complexes subunit Ssr4 N-terminal	DUF1750	DUF1750;SWI-SNF_ssr4;SWI-SNF_Ssr4	false	https://www.ebi.ac.uk/interpro/entry/pfam/PF08549/
PF08550	PF08550.16	GATA_AreA	Nitrogen regulatory protein areA, GATA-like domain	DUF1752	DUF1752	false	https://www.ebi.ac.uk/interpro/entry/pfam/PF08550/
PF08552	PF08552.17	Kei1	Inositolphosphorylceramide synthase subunit Kei1	DUF1753	DUF1753	false	https://www.ebi.ac.uk/interpro/entry/pfam/PF08552/
PF08555	PF08555.16	FAM32A	FAM32A	DUF1754	DUF1754	false	https://www.ebi.ac.uk/interpro/entry/pfam/PF08555/
PF08568	PF08568.17	Kinetochor_Ybp2	Uncharacterised protein family, YAP/Alf4/glomulin	DUF1760	DUF1760	false	https://www.ebi.ac.uk/interpro/entry/pfam/PF08568/
PF08574	PF08574.16	Iwr1	Transcription factor Iwr1	DUF1762	DUF1762	false	https://www.ebi.ac.uk/interpro/entry/pfam/PF08574/
PF08583	PF08583.16	Cmc1	Cytochrome c oxidase biogenesis protein Cmc1 like	UPF0287	UPF0287	false	https://www.ebi.ac.uk/interpro/entry/pfam/PF08583/
PF08585	PF08585.19	RMI1_N_C	RMI1, N-terminal OB-fold domain	DUF1767	DUF1767;RMI1_N	false	https://www.ebi.ac.uk/interpro/entry/pfam/PF08585/
PF08588	PF08588.17	Duc1	Domain of unknown function at the cortex 1 (Duc1)	DUF1769	DUF1769	false	https://www.ebi.ac.uk/interpro/entry/pfam/PF08588/
PF08589	PF08589.16	ATG43	Autophagy receptor ATG43	DUF1770	DUF1770	false	https://www.ebi.ac.uk/interpro/entry/pfam/PF08589/
PF08592	PF08592.17	Anthrone_oxy	Anthrone oxygenase	DUF1772	DUF1772	false	https://www.ebi.ac.uk/interpro/entry/pfam/PF08592/
PF08593	PF08593.17	Mug135_C	Mug135-like, C-terminal domain	DUF1773	DUF1773;MUG2_C	false	https://www.ebi.ac.uk/interpro/entry/pfam/PF08593/
PF08648	PF08648.18	SNRNP27	U4/U6.U5 small nuclear ribonucleoproteins	DUF1777	DUF1777	false	https://www.ebi.ac.uk/interpro/entry/pfam/PF08648/
PF08680	PF08680.16	SpoIIT	Sporulation protein SpoIIT	DUF1779	DUF1779	false	https://www.ebi.ac.uk/interpro/entry/pfam/PF08680/
PF08681	PF08681.19	TacA1	Antitoxin TacA 1-like	DUF1778	DUF1778	false	https://www.ebi.ac.uk/interpro/entry/pfam/PF08681/
PF08683	PF08683.17	CAMSAP_CKK	Microtubule-binding calmodulin-regulated spectrin-associated	DUF1781	DUF1781;CKK	false	https://www.ebi.ac.uk/interpro/entry/pfam/PF08683/
PF08694	PF08694.17	UFC1	Ubiquitin-fold modifier-conjugating enzyme 1	DUF1782	DUF1782	false	https://www.ebi.ac.uk/interpro/entry/pfam/PF08694/
PF08695	PF08695.17	Coa1	Cytochrome oxidase complex assembly protein 1	DUF1783	DUF1783	false	https://www.ebi.ac.uk/interpro/entry/pfam/PF08695/
PF08698	PF08698.17	Fcf2	Fcf2 pre-rRNA processing	DUF1784	DUF1784	false	https://www.ebi.ac.uk/interpro/entry/pfam/PF08698/
PF08699	PF08699.16	ArgoL1	Argonaute linker 1 domain	DUF1785	DUF1785	false	https://www.ebi.ac.uk/interpro/entry/pfam/PF08699/
PF08719	PF08719.18	NADAR	NADAR domain	DUF1768	DUF1768	false	https://www.ebi.ac.uk/interpro/entry/pfam/PF08719/
PF08742	PF08742.17	C8	C8 domain	DUF1787	DUF1787	false	https://www.ebi.ac.uk/interpro/entry/pfam/PF08742/
PF08745	PF08745.18	PIN_5	PINc domain ribonuclease	UPF0278	UPF0278	false	https://www.ebi.ac.uk/interpro/entry/pfam/PF08745/
PF08747	PF08747.17	BrxB	BREX protein BrxB	DUF1788	DUF1788	false	https://www.ebi.ac.uk/interpro/entry/pfam/PF08747/
PF08748	PF08748.18	Phage_TAC_4	Phage tail assembly chaperone	DUF1789	DUF1789	false	https://www.ebi.ac.uk/interpro/entry/pfam/PF08748/
PF08759	PF08759.18	GT-D	Glycosyltransferase GT-D fold	DUF1792	DUF1792	false	https://www.ebi.ac.uk/interpro/entry/pfam/PF08759/
PF08768	PF08768.18	THAP4_heme-bd	THAP4-like, heme-binding beta-barrel domain	DUF1794	DUF1794	false	https://www.ebi.ac.uk/interpro/entry/pfam/PF08768/
PF08786	PF08786.18	DcrB	DcrB	DUF1795	DUF1795	false	https://www.ebi.ac.uk/interpro/entry/pfam/PF08786/
PF08842	PF08842.17	Mfa2	Fimbrillin-A associated anchor proteins Mfa1 and Mfa2	DUF1812	DUF1812;Mfa	false	https://www.ebi.ac.uk/interpro/entry/pfam/PF08842/
PF08843	PF08843.18	AbiEii	Nucleotidyl transferase AbiEii toxin, Type IV TA system	DUF1814	DUF1814	false	https://www.ebi.ac.uk/interpro/entry/pfam/PF08843/
PF08845	PF08845.16	SymE_toxin	Toxin SymE, type I toxin-antitoxin system	DUF1813	DUF1813	false	https://www.ebi.ac.uk/interpro/entry/pfam/PF08845/
PF08847	PF08847.17	Crr6	Chlororespiratory reduction 6	DUF1817	DUF1817	false	https://www.ebi.ac.uk/interpro/entry/pfam/PF08847/
PF08849	PF08849.18	BrxA	BrxA	DUF1819	DUF1819	false	https://www.ebi.ac.uk/interpro/entry/pfam/PF08849/
PF08864	PF08864.16	ReoY_N	ReoY-like, N-terminal domain	UPF0302	UPF0302	false	https://www.ebi.ac.uk/interpro/entry/pfam/PF08864/
PF08870	PF08870.18	DndE	DNA sulphur modification protein DndE	DUF1832	DUF1832	false	https://www.ebi.ac.uk/interpro/entry/pfam/PF08870/
PF08873	PF08873.18	Phage_Mu_Gp37	Bacteriophage Mu, Gp37	DUF1834	DUF1834	false	https://www.ebi.ac.uk/interpro/entry/pfam/PF08873/
PF08878	PF08878.17	HamA	HamA	DUF1837	DUF1837;Cap4_SAVED	false	https://www.ebi.ac.uk/interpro/entry/pfam/PF08878/
PF08900	PF08900.17	AcaB	Transcriptional regulator AcaB	DUF1845	DUF1845	false	https://www.ebi.ac.uk/interpro/entry/pfam/PF08900/
PF08904	PF08904.17	EipB_like	EipB-like	DUF1849	DUF1849	false	https://www.ebi.ac.uk/interpro/entry/pfam/PF08904/
PF08906	PF08906.17	T6SS_Tdi1_C	T6SS immunity protein Tdi1, C-terminal	DUF1851	DUF1851	false	https://www.ebi.ac.uk/interpro/entry/pfam/PF08906/
PF08908	PF08908.17	MesX	Putative oxygenase MesX	DUF1852	DUF1852	false	https://www.ebi.ac.uk/interpro/entry/pfam/PF08908/
PF08910	PF08910.16	Aida_N	Aida N-terminus	DUF1855	DUF1855;Aida_N;Aida-C2	false	https://www.ebi.ac.uk/interpro/entry/pfam/PF08910/
PF08924	PF08924.18	Rv2525c_GlyHyd-like	Rv2525c-like, glycoside hydrolase-like domain	DUF1906	DUF1906	false	https://www.ebi.ac.uk/interpro/entry/pfam/PF08924/
PF08928	PF08928.16	PoNi_N	PoNe immunity protein (PoNi), N-terminal	DUF1910	DUF1910	false	https://www.ebi.ac.uk/interpro/entry/pfam/PF08928/
PF08929	PF08929.16	PoNi_C	PoNe immunity proteins (PoNi), C-terminal	DUF1911	DUF1911	false	https://www.ebi.ac.uk/interpro/entry/pfam/PF08929/
PF08931	PF08931.16	Caudo_bapla_RBP	Lactophage receptor-binding protein C-terminal head domain	DUF1913	DUF1913	false	https://www.ebi.ac.uk/interpro/entry/pfam/PF08931/
PF08933	PF08933.17	PrnB	Monodechloroaminopyrrolnitrin synthase PrnB	DUF1864	DUF1864	false	https://www.ebi.ac.uk/interpro/entry/pfam/PF08933/
PF08935	PF08935.17	VP4_2	Viral protein VP4 subunit	DUF1865	DUF1865	false	https://www.ebi.ac.uk/interpro/entry/pfam/PF08935/
PF08937	PF08937.17	ThsB_TIR	Thoeris protein ThsB, TIR-like domain	DUF1863	DUF1863	false	https://www.ebi.ac.uk/interpro/entry/pfam/PF08937/
PF08938	PF08938.17	HBS1_N	HBS1 N-terminus	DUF1916	DUF1916	false	https://www.ebi.ac.uk/interpro/entry/pfam/PF08938/
PF08939	PF08939.16	Bles03	Basophilic leukemia-expressed protein Bles03	DUF1917	DUF1917	false	https://www.ebi.ac.uk/interpro/entry/pfam/PF08939/
PF08948	PF08948.17	PRD1_P5_spike_N	Bacteriophage PRD1, P5, spike N-terminal	DUF1859	DUF1859	false	https://www.ebi.ac.uk/interpro/entry/pfam/PF08948/
PF08949	PF08949.17	PRD1_P5_C	Bacteriophage PRD1, spike protein P5, C-terminal	DUF1860	DUF1860	false	https://www.ebi.ac.uk/interpro/entry/pfam/PF08949/
PF08954	PF08954.17	Trimer_CC	Trimerisation motif	DUF1900	DUF1900	false	https://www.ebi.ac.uk/interpro/entry/pfam/PF08954/
PF08955	PF08955.16	BofC_C	BofC C-terminal domain	DUF1901	DUF1901	false	https://www.ebi.ac.uk/interpro/entry/pfam/PF08955/
PF08960	PF08960.17	STIV_B116-like	STIV B116-like	DUF1874	DUF1874	false	https://www.ebi.ac.uk/interpro/entry/pfam/PF08960/
PF08961	PF08961.16	NRBF2	Nuclear receptor-binding factor 2, autophagy regulator	DUF1875	DUF1875	false	https://www.ebi.ac.uk/interpro/entry/pfam/PF08961/
PF08962	PF08962.17	Rv2632c-like	Rv2632c-like	DUF1876	DUF1876	false	https://www.ebi.ac.uk/interpro/entry/pfam/PF08962/
PF08964	PF08964.16	Crystall_3	Beta/Gamma crystallin	DUF1881	DUF1881	false	https://www.ebi.ac.uk/interpro/entry/pfam/PF08964/
PF08965	PF08965.17	Aca2_YdiL	Aca2/YdiL-like	DUF1870	DUF1870	false	https://www.ebi.ac.uk/interpro/entry/pfam/PF08965/
PF08967	PF08967.17	ENCP4	Putative type 4B encapsulin shell protein	DUF1884	DUF1884	false	https://www.ebi.ac.uk/interpro/entry/pfam/PF08967/
PF08969	PF08969.17	USP8_dimer	USP8 dimerisation domain	DUF1873	DUF1873	false	https://www.ebi.ac.uk/interpro/entry/pfam/PF08969/
PF08973	PF08973.17	TM1506	Domain of unknown function (DUF1893)	DUF1893	DUF1893	false	https://www.ebi.ac.uk/interpro/entry/pfam/PF08973/
PF08975	PF08975.17	2H-phosphodiest	Domain of unknown function (DUF1868)	DUF1868	DUF1868	false	https://www.ebi.ac.uk/interpro/entry/pfam/PF08975/
PF08976	PF08976.18	EF-hand_11	EF-hand domain	DUF1880	DUF1880	false	https://www.ebi.ac.uk/interpro/entry/pfam/PF08976/
PF08982	PF08982.18	AtaL	Acetylaranotin biosynthesis cluster protein L	DUF1857	DUF1857	false	https://www.ebi.ac.uk/interpro/entry/pfam/PF08982/
PF08983	PF08983.16	V1R_C	Vasopressin V1 receptor, C-terminal	DUF1856	DUF1856	false	https://www.ebi.ac.uk/interpro/entry/pfam/PF08983/
PF08985	PF08985.19	DP-EP	DP-EP family	DUF1888	DUF1888	false	https://www.ebi.ac.uk/interpro/entry/pfam/PF08985/
PF08988	PF08988.16	T3SS_needle_E	Type III secretion system, cytoplasmic E component of needle	DUF1895	DUF1895	false	https://www.ebi.ac.uk/interpro/entry/pfam/PF08988/
PF08991	PF08991.17	CMC4	Cx9C motif-containing protein 4	DUF1903	DUF1903;MTCP1	false	https://www.ebi.ac.uk/interpro/entry/pfam/PF08991/
PF09002	PF09002.18	Card1_endonuc	Card1-like, endonuclease domain	DUF1887	DUF1887	false	https://www.ebi.ac.uk/interpro/entry/pfam/PF09002/
PF09004	PF09004.16	ALKBH8_N	Alkylated DNA repair protein alkB homolog 8, N-terminal	DUF1891	DUF1891	false	https://www.ebi.ac.uk/interpro/entry/pfam/PF09004/
PF09005	PF09005.15	FUBP_C	Far upstream element-binding protein, C-terminal	DUF1897	DUF1897	false	https://www.ebi.ac.uk/interpro/entry/pfam/PF09005/
PF09011	PF09011.17	HMG_box_2	HMG-box domain	DUF1898	DUF1898	false	https://www.ebi.ac.uk/interpro/entry/pfam/PF09011/
PF09012	PF09012.18	FeoC	FeoC like transcriptional regulator	DUF1920	DUF1920	false	https://www.ebi.ac.uk/interpro/entry/pfam/PF09012/
PF09081	PF09081.17	AMT4_dom_C	Glucan 1,4-alpha-maltotetraohydrolase, domain C	DUF1921	DUF1921	false	https://www.ebi.ac.uk/interpro/entry/pfam/PF09081/
PF09094	PF09094.17	AmyA-A_glucT_m	Alpha-amylase/4-alpha-glucanotransferase, middle domain	DUF1925	DUF1925	false	https://www.ebi.ac.uk/interpro/entry/pfam/PF09094/
PF09095	PF09095.18	AmyA-gluTrfs_C	Alpha-amylase/4-alpha-glucanotransferase, C-terminal	DUF1926	DUF1926	false	https://www.ebi.ac.uk/interpro/entry/pfam/PF09095/
PF09099	PF09099.17	Qn_am_d_aIII	Quinohemoprotein amine dehydrogenase, alpha subunit domain III	DUF1927	DUF1927	false	https://www.ebi.ac.uk/interpro/entry/pfam/PF09099/
PF09100	PF09100.17	Qn_am_d_aIV	Quinohemoprotein amine dehydrogenase, alpha subunit domain IV	DUF1928	DUF1928	false	https://www.ebi.ac.uk/interpro/entry/pfam/PF09100/
PF09118	PF09118.18	GO-like_E_set	Galactose oxidase-like, Early set domain	DUF1929	DUF1929	false	https://www.ebi.ac.uk/interpro/entry/pfam/PF09118/
PF09147	PF09147.16	CarA_N	Carbapenam-3-carboxylate synthase, N-terminal	DUF1933	DUF1933	false	https://www.ebi.ac.uk/interpro/entry/pfam/PF09147/
PF09153	PF09153.17	MGMT_N	Methylated DNA-protein cysteine methyltransferase, N-terminal	DUF1938	DUF1938	false	https://www.ebi.ac.uk/interpro/entry/pfam/PF09153/
PF09154	PF09154.17	Alpha-amy_C_pro	Alpha-amylase C-terminal	DUF1939	DUF1939	false	https://www.ebi.ac.uk/interpro/entry/pfam/PF09154/
PF09170	PF09170.17	STN1_2	CST, complex subunit STN1, C terminal	DUF1879	DUF1879	false	https://www.ebi.ac.uk/interpro/entry/pfam/PF09170/
PF09171	PF09171.17	AGOG	N-glycosylase/DNA lyase	DUF1886	DUF1886	false	https://www.ebi.ac.uk/interpro/entry/pfam/PF09171/
PF09172	PF09172.17	Vit_open_b-sht	Vitellinogen, open beta-sheet	DUF1943	DUF1943	false	https://www.ebi.ac.uk/interpro/entry/pfam/PF09172/
PF09175	PF09175.16	Vit_b-sht_shell	Vitellinogen, beta-sheet shell	DUF1944	DUF1944	false	https://www.ebi.ac.uk/interpro/entry/pfam/PF09175/
PF09178	PF09178.17	MGTA_C	4-alpha-glucanotransferase, C-terminal	DUF1945	DUF1945	false	https://www.ebi.ac.uk/interpro/entry/pfam/PF09178/
PF09179	PF09179.17	TilS	TilS substrate binding domain	DUF1946	DUF1946	false	https://www.ebi.ac.uk/interpro/entry/pfam/PF09179/
PF09187	PF09187.16	RdDM_RDM1	RNA-directed DNA methylation 1	DUF1950	DUF1950	false	https://www.ebi.ac.uk/interpro/entry/pfam/PF09187/
PF09189	PF09189.16	MoaD_arch	Archaeal MoaD-like protein	DUF1952	DUF1952	false	https://www.ebi.ac.uk/interpro/entry/pfam/PF09189/
PF09199	PF09199.16	SSL_OB	Staphylococcal superantigen-like OB-fold domain	DUF1954	DUF1954	false	https://www.ebi.ac.uk/interpro/entry/pfam/PF09199/
PF09209	PF09209.17	CecR_C	HTH-type transcriptional dual regulator CecR, C-terminal domain	DUF1956	DUF1956;TetR_C_32	false	https://www.ebi.ac.uk/interpro/entry/pfam/PF09209/
PF09210	PF09210.17	BE_C	1,4-alpha-glucan branching enzyme, C-terminal	DUF1957	DUF1957	false	https://www.ebi.ac.uk/interpro/entry/pfam/PF09210/
PF09218	PF09218.17	EhaM	EhaM-like	DUF1959	DUF1959	false	https://www.ebi.ac.uk/interpro/entry/pfam/PF09218/
PF09227	PF09227.17	Bubble	Bubble protein	DUF1962	DUF1962	false	https://www.ebi.ac.uk/interpro/entry/pfam/PF09227/
PF09244	PF09244.18	Suc_Porlyase_C	Sucrose phosphorylase, C-terminal	DUF1964	DUF1964	false	https://www.ebi.ac.uk/interpro/entry/pfam/PF09244/
PF09260	PF09260.19	A_amylase_dom_C	Alpha-amylase, domain C	DUF1966	DUF1966	false	https://www.ebi.ac.uk/interpro/entry/pfam/PF09260/
PF09298	PF09298.17	FAA_hydrolase_N	Fumarylacetoacetase N-terminal	DUF1969	DUF1969	false	https://www.ebi.ac.uk/interpro/entry/pfam/PF09298/
PF09313	PF09313.18	TehB-like	TehB-like domain	DUF1971	DUF1971	false	https://www.ebi.ac.uk/interpro/entry/pfam/PF09313/
PF09317	PF09317.17	ACDH_C	Acyl-CoA dehydrogenase, C-terminal, bacterial type	DUF1974	DUF1974	false	https://www.ebi.ac.uk/interpro/entry/pfam/PF09317/
PF09318	PF09318.16	Glyco_trans_A_1	Glycosyl transferase 1 domain A	DUF1975	DUF1975	false	https://www.ebi.ac.uk/interpro/entry/pfam/PF09318/
PF09324	PF09324.16	Sec7-like_HDS	Mon2/Sec7/BIG1-like, HDS	DUF1981	DUF1981	false	https://www.ebi.ac.uk/interpro/entry/pfam/PF09324/
PF09326	PF09326.17	NADH_dhqG_C	NADH-ubiquinone oxidoreductase subunit G, C-terminal	DUF1982	DUF1982	false	https://www.ebi.ac.uk/interpro/entry/pfam/PF09326/
PF09327	PF09327.17	Phage_Tail_Tip	Bacteriophage tail tip fiber protein	DUF1983	DUF1983	false	https://www.ebi.ac.uk/interpro/entry/pfam/PF09327/
PF09328	PF09328.16	Phytochelatin_C	Domain of unknown function (DUF1984)	DUF1984	DUF1984	false	https://www.ebi.ac.uk/interpro/entry/pfam/PF09328/
PF09342	PF09342.18	Nudel	Nudel, serine protease domain	DUF1986	DUF1986	false	https://www.ebi.ac.uk/interpro/entry/pfam/PF09342/
PF09345	PF09345.16	SiaC	SiaC family regulatory phosphoprotein	DUF1987	DUF1987	false	https://www.ebi.ac.uk/interpro/entry/pfam/PF09345/
PF09346	PF09346.16	SMI1_KNR4	SMI1 / KNR4 family (SUKH-1)	DUF1988	DUF1988	false	https://www.ebi.ac.uk/interpro/entry/pfam/PF09346/
PF09349	PF09349.16	OHCU_decarbox	OHCU decarboxylase	DUF1991	DUF1991	false	https://www.ebi.ac.uk/interpro/entry/pfam/PF09349/
PF09350	PF09350.16	DJC28_CD	DnaJ homologue, subfamily C, member 28, conserved domain	DUF1992	DUF1992	false	https://www.ebi.ac.uk/interpro/entry/pfam/PF09350/
PF09369	PF09369.16	MZB	MrfA Zn-binding domain	DUF1998	DUF1998	false	https://www.ebi.ac.uk/interpro/entry/pfam/PF09369/
PF09404	PF09404.16	C12orf66_like	KICSTOR complex C12orf66 like	DUF2003	DUF2003	false	https://www.ebi.ac.uk/interpro/entry/pfam/PF09404/
PF09407	PF09407.17	AbiEi_1	AbiEi antitoxin C-terminal domain	DUF2005	DUF2005	false	https://www.ebi.ac.uk/interpro/entry/pfam/PF09407/
PF09415	PF09415.17	CENP-X	CENP-S associating Centromere protein X	DUF2008	DUF2008	false	https://www.ebi.ac.uk/interpro/entry/pfam/PF09415/
PF09419	PF09419.17	PGP_phosphatase	Mitochondrial PGP phosphatase	DUF2010	DUF2010	false	https://www.ebi.ac.uk/interpro/entry/pfam/PF09419/
PF09430	PF09430.17	EMC7_beta-sandw	ER membrane protein complex subunit 7, beta-sandwich domain	DUF2012	DUF2012	false	https://www.ebi.ac.uk/interpro/entry/pfam/PF09430/
PF09431	PF09431.16	SPIN90_LRD	SPIN90/Ldb17, leucine-rich domain	DUF2013	DUF2013	false	https://www.ebi.ac.uk/interpro/entry/pfam/PF09431/
PF09495	PF09495.16	DUF2462	Protein of unknown function (DUF2462)	UPF0390	UPF0390	true	https://www.ebi.ac.uk/interpro/entry/pfam/PF09495/
PF09550	PF09550.17	Phage_TAC_6	Phage tail assembly chaperone protein, TAC	DUF2376	CHP2216_phage;DUF2376	false	https://www.ebi.ac.uk/interpro/entry/pfam/PF09550/
PF09591	PF09591.16	DUF2463	Protein of unknown function (DUF2463)	UPF0328	UPF0328	true	https://www.ebi.ac.uk/interpro/entry/pfam/PF09591/
PF09594	PF09594.17	GT87	Glycosyltransferase family 87	DUF2029	DUF2029	false	https://www.ebi.ac.uk/interpro/entry/pfam/PF09594/
PF09685	PF09685.16	MamF_MmsF	Magnetosome magnetite crystal formation protein family	DUF4870	Tic20;DUF4870	false	https://www.ebi.ac.uk/interpro/entry/pfam/PF09685/
PF09687	PF09687.16	PRESAN	Plasmodium RESA N-terminal	DUF3837	P_fal_TIGR01639;PHIST_a_b;PHIST_a_c;PRESAC;DUF3837	false	https://www.ebi.ac.uk/interpro/entry/pfam/PF09687/
PF09722	PF09722.16	Xre_MbcA_ParS_C	Antitoxin Xre/MbcA/ParS C-terminal toxin-binding domain	DUF2384	CHP2293;DUF2384	false	https://www.ebi.ac.uk/interpro/entry/pfam/PF09722/
PF09724	PF09724.15	Dcc1	Sister chromatid cohesion protein Dcc1	DUF2036	DUF2036	false	https://www.ebi.ac.uk/interpro/entry/pfam/PF09724/
PF09736	PF09736.15	Bud13	Pre-mRNA-splicing factor of RES complex	DUF2050	DUF2050	false	https://www.ebi.ac.uk/interpro/entry/pfam/PF09736/
PF09738	PF09738.15	LRRFIP	LRRFIP family	DUF2051	DUF2051	false	https://www.ebi.ac.uk/interpro/entry/pfam/PF09738/
PF09739	PF09739.15	MCM_bind	Mini-chromosome maintenance replisome factor	DUF2044	DUF2044	false	https://www.ebi.ac.uk/interpro/entry/pfam/PF09739/
PF09743	PF09743.15	E3_UFM1_ligase	E3 UFM1-protein ligase 1	DUF2042	DUF2042	false	https://www.ebi.ac.uk/interpro/entry/pfam/PF09743/
PF09745	PF09745.15	NSRP1_N	Nuclear speckle splicing regulatory protein 1, N-terminal	DUF2040	DUF2040	false	https://www.ebi.ac.uk/interpro/entry/pfam/PF09745/
PF09747	PF09747.15	CCD97-like_C	Coiled-coil domain containing protein 97-like, C-terminal	DUF2052	DUF2052	false	https://www.ebi.ac.uk/interpro/entry/pfam/PF09747/
PF09752	PF09752.16	ABHD18	Alpha/beta hydrolase domain containing 18	DUF2048	DUF2048	false	https://www.ebi.ac.uk/interpro/entry/pfam/PF09752/
PF09779	PF09779.15	Ima1_N	Ima1 N-terminal domain	DUF2349	DUF2349	false	https://www.ebi.ac.uk/interpro/entry/pfam/PF09779/
PF09789	PF09789.15	CC149	Coiled-coil domain-containing protein 149-A	DUF2353	DUF2353	false	https://www.ebi.ac.uk/interpro/entry/pfam/PF09789/
PF09792	PF09792.15	But2	Ubiquitin 3 binding protein But2 C-terminal domain	DUF2295	DUF2295	false	https://www.ebi.ac.uk/interpro/entry/pfam/PF09792/
PF09803	PF09803.15	Pet100	Pet100	DUF2346	DUF2346	false	https://www.ebi.ac.uk/interpro/entry/pfam/PF09803/
PF09804	PF09804.15	DENND11	DENN domain-containing protein 11	DUF2347	DUF2347	false	https://www.ebi.ac.uk/interpro/entry/pfam/PF09804/
PF09807	PF09807.16	ELP6	Elongation complex protein 6	DUF2348	DUF2348	false	https://www.ebi.ac.uk/interpro/entry/pfam/PF09807/
PF09814	PF09814.15	HECT_2	HECT-like Ubiquitin-conjugating enzyme (E2)-binding	DUF2351	DUF2351	false	https://www.ebi.ac.uk/interpro/entry/pfam/PF09814/
PF09817	PF09817.15	Zwilch	RZZ complex, subunit zwilch	DUF2352	DUF2352	false	https://www.ebi.ac.uk/interpro/entry/pfam/PF09817/
PF09836	PF09836.15	HvfC_N	HvfC C-terminal domain	DUF2063	DUF2063	false	https://www.ebi.ac.uk/interpro/entry/pfam/PF09836/
PF09845	PF09845.15	OapC	Origin-associated protein OapC	DUF2072	DUF2072	false	https://www.ebi.ac.uk/interpro/entry/pfam/PF09845/
PF09846	PF09846.15	OapB	Origin-associated protein OapB	DUF2073	DUF2073	false	https://www.ebi.ac.uk/interpro/entry/pfam/PF09846/
PF09847	PF09847.17	12TM_1	Membrane protein of 12 TMs	DUF2074	DUF2074	false	https://www.ebi.ac.uk/interpro/entry/pfam/PF09847/
PF09848	PF09848.16	SLFN-g3_helicase	Schlafen group 3, DNA/RNA helicase domain	DUF2075	DUF2075	false	https://www.ebi.ac.uk/interpro/entry/pfam/PF09848/
PF09850	PF09850.15	DotU	Type VI secretion system protein DotU	DUF2077	DUF2077	false	https://www.ebi.ac.uk/interpro/entry/pfam/PF09850/
PF09851	PF09851.15	SHOCT	Short C-terminal domain	DUF2078	DUF2078	false	https://www.ebi.ac.uk/interpro/entry/pfam/PF09851/
PF09855	PF09855.15	Zn_ribbon_13	Nucleic-acid-binding protein containing Zn-ribbon domain (DUF2082)	DUF2082	DUF2082;zinc_ribbon_13	false	https://www.ebi.ac.uk/interpro/entry/pfam/PF09855/
PF09856	PF09856.15	ScfRs	Short-chain fatty acyl coenzyme A regulator, C-terminal	DUF2083	DUF2083	false	https://www.ebi.ac.uk/interpro/entry/pfam/PF09856/
PF09857	PF09857.15	YjhX_toxin	Putative toxin of bacterial toxin-antitoxin pair	DUF2084	DUF2084	false	https://www.ebi.ac.uk/interpro/entry/pfam/PF09857/
PF09859	PF09859.16	Oxygenase-NA	Oxygenase, catalysing oxidative methylation of damaged DNA	DUF2086	DUF2086	false	https://www.ebi.ac.uk/interpro/entry/pfam/PF09859/
PF09861	PF09861.15	Lar_N	Lactate racemase N-terminal domain	DUF2088	DUF2088	false	https://www.ebi.ac.uk/interpro/entry/pfam/PF09861/
PF09864	PF09864.16	MliC	Membrane-bound lysozyme-inhibitor of c-type lysozyme	DUF2091	DUF2091	false	https://www.ebi.ac.uk/interpro/entry/pfam/PF09864/
PF09867	PF09867.15	TagF_N	TagF N-terminal domain, Type VI secretion system-associated	DUF2094	DUF2094	false	https://www.ebi.ac.uk/interpro/entry/pfam/PF09867/
PF09869	PF09869.17	KH_DUF2096_C	DUF2096 C-terminal KH-like domain	DUF2096;DUF2096_C	DUF2096;DUF2096_C	true	https://www.ebi.ac.uk/interpro/entry/pfam/PF09869/
PF09873	PF09873.15	SepCysE	SepCysE-like	DUF2100	DUF2100	false	https://www.ebi.ac.uk/interpro/entry/pfam/PF09873/
PF09877	PF09877.15	EhaL	Energy-converting hydrogenase subunit EhaL	DUF2104	DUF2104	false	https://www.ebi.ac.uk/interpro/entry/pfam/PF09877/
PF09878	PF09878.15	EhaG	EhaG-like	DUF2105	DUF2105	false	https://www.ebi.ac.uk/interpro/entry/pfam/PF09878/
PF09879	PF09879.16	EhaF	EhaF-like	DUF2106	DUF2106	false	https://www.ebi.ac.uk/interpro/entry/pfam/PF09879/
PF09880	PF09880.15	EhaE	EhaE-like	DUF2107	DUF2107	false	https://www.ebi.ac.uk/interpro/entry/pfam/PF09880/
PF09881	PF09881.15	EhaD	EhaD-like	DUF2108	DUF2108	false	https://www.ebi.ac.uk/interpro/entry/pfam/PF09881/
PF09882	PF09882.16	EhaC	EhaC-like	DUF2109	DUF2109	false	https://www.ebi.ac.uk/interpro/entry/pfam/PF09882/
PF09894	PF09894.17	Connectase_N	Connectase MJ0548-like, N-terminal domain	DUF2121	DUF2121;MJ0548_N	false	https://www.ebi.ac.uk/interpro/entry/pfam/PF09894/
PF09904	PF09904.16	HTH_43	Winged helix-turn helix	DUF2131	DUF2131	false	https://www.ebi.ac.uk/interpro/entry/pfam/PF09904/
PF09905	PF09905.15	VF530	DNA-binding protein VF530	DUF2132	DUF2132	false	https://www.ebi.ac.uk/interpro/entry/pfam/PF09905/
PF09906	PF09906.16	YfaP_C	YfaP C-terminal domain	DUF2135	DUF2135	false	https://www.ebi.ac.uk/interpro/entry/pfam/PF09906/
PF09907	PF09907.16	HigB_toxin	HigB_toxin, RelE-like toxic component of a toxin-antitoxin system	DUF2136	DUF2136	false	https://www.ebi.ac.uk/interpro/entry/pfam/PF09907/
PF09922	PF09922.16	LiaF-like_C	Cell wall-active antibiotics response LiaF, C-terminal	DUF2154	DUF2154	false	https://www.ebi.ac.uk/interpro/entry/pfam/PF09922/
PF09924	PF09924.16	LPG_synthase_C	Phosphatidylglycerol lysyltransferase, C-terminal	DUF2156	DUF2156	false	https://www.ebi.ac.uk/interpro/entry/pfam/PF09924/
PF09931	PF09931.16	Phage_phiJL001_Gp84_N	Baseplate hub protein, N-terminal attachment domain	DUF2163	DUF2163	false	https://www.ebi.ac.uk/interpro/entry/pfam/PF09931/
PF09936	PF09936.15	Methyltrn_RNA_4	SAM-dependent RNA methyltransferase	DUF2168	DUF2168	false	https://www.ebi.ac.uk/interpro/entry/pfam/PF09936/
PF09948	PF09948.16	PpoB2	Copper chaperone	DUF2182	DUF2182	false	https://www.ebi.ac.uk/interpro/entry/pfam/PF09948/
PF09949	PF09949.16	APP1_cat	Phosphatidate phosphatase APP1, catalytic domain	DUF2183	DUF2183	false	https://www.ebi.ac.uk/interpro/entry/pfam/PF09949/
PF09950	PF09950.16	Major_capside	Major capsid protein	DUF2184	DUF2184	false	https://www.ebi.ac.uk/interpro/entry/pfam/PF09950/
PF09951	PF09951.16	Imm33	Immunity protein Imm33 domain	DUF2185	DUF2185	false	https://www.ebi.ac.uk/interpro/entry/pfam/PF09951/
PF09952	PF09952.15	AbiEi_2	Transcriptional regulator, AbiEi antitoxin, Type IV TA system	DUF2186	DUF2186	false	https://www.ebi.ac.uk/interpro/entry/pfam/PF09952/
PF09956	PF09956.16	Phage_cement_2	Phage cement protein	DUF2190	DUF2190	false	https://www.ebi.ac.uk/interpro/entry/pfam/PF09956/
PF09957	PF09957.16	VapB_antitoxin	Bacterial antitoxin of type II TA system, VapB	DUF2191	DUF2191;VapB	false	https://www.ebi.ac.uk/interpro/entry/pfam/PF09957/
PF09976	PF09976.16	TPR_21	Tetratricopeptide repeat-like domain	DUF2133	DUF2133	false	https://www.ebi.ac.uk/interpro/entry/pfam/PF09976/
PF09977	PF09977.15	Tad_C	Putative Tad-like Flp pilus-assembly	DUF2134	DUF2134	false	https://www.ebi.ac.uk/interpro/entry/pfam/PF09977/
PF09979	PF09979.15	Pa193_gp24	Pa193 gp24 scaffolding protein	DUF2213	DUF2213	false	https://www.ebi.ac.uk/interpro/entry/pfam/PF09979/
PF09982	PF09982.16	LpxR	Outer membrane protein LpxR	DUF2219	DUF2219	false	https://www.ebi.ac.uk/interpro/entry/pfam/PF09982/
PF09983	PF09983.16	JetD_C	Wadjet protein JetD, C-terminal	DUF2220	DUF2220	false	https://www.ebi.ac.uk/interpro/entry/pfam/PF09983/
PF09984	PF09984.16	sCache_4	Single cache domain 4	DUF2222	DUF2222	false	https://www.ebi.ac.uk/interpro/entry/pfam/PF09984/
PF09985	PF09985.15	Glucodextran_C	C-terminal binding-module, SLH-like, of glucodextranase	DUF2223	DUF2223	false	https://www.ebi.ac.uk/interpro/entry/pfam/PF09985/
PF09992	PF09992.15	NAGPA	Phosphodiester glycosidase	DUF2233	DUF2233	false	https://www.ebi.ac.uk/interpro/entry/pfam/PF09992/
PF09994	PF09994.15	T6SS_Tle1-like_cat	T6SS, Phospholipase effector Tle1-like, catalytic domain	DUF2235	DUF2235	false	https://www.ebi.ac.uk/interpro/entry/pfam/PF09994/
PF09995	PF09995.16	MPAB_Lcp_cat	ER-bound oxygenase mpaB/B'/Rubber oxygenase, catalytic domain	DUF2236	DUF2236	false	https://www.ebi.ac.uk/interpro/entry/pfam/PF09995/
PF10000	PF10000.16	ACT_3	ACT domain	DUF2241	DUF2241	false	https://www.ebi.ac.uk/interpro/entry/pfam/PF10000/
PF10005	PF10005.15	Zn_ribbon_DZR_6	zinc-ribbon domain	DUF2248	DUF2248;zinc-ribbon_6	false	https://www.ebi.ac.uk/interpro/entry/pfam/PF10005/
PF10014	PF10014.16	2OG-Fe_Oxy_2	2OG-Fe dioxygenase	DUF2257	DUF2257;BsmA	false	https://www.ebi.ac.uk/interpro/entry/pfam/PF10014/
PF10015	PF10015.16	ThermoDBP-RP_arch	ThermoDBP-related, archaea	DUF2258	DUF2258	false	https://www.ebi.ac.uk/interpro/entry/pfam/PF10015/
PF10017	PF10017.16	Methyltransf_33	Histidine-specific methyltransferase, SAM-dependent	DUF2260	DUF2260	false	https://www.ebi.ac.uk/interpro/entry/pfam/PF10017/
PF10021	PF10021.16	PARG_cat_microb	Microbial-type PARG, catalytic domain	DUF2263	DUF2263	false	https://www.ebi.ac.uk/interpro/entry/pfam/PF10021/
PF10022	PF10022.16	BcGHD	Beta-D-glucuronate dehydratase family	DUF2264	DUF2264	false	https://www.ebi.ac.uk/interpro/entry/pfam/PF10022/
PF10023	PF10023.16	Aminopep	Putative aminopeptidase	DUF2265	DUF2265	false	https://www.ebi.ac.uk/interpro/entry/pfam/PF10023/
PF10034	PF10034.16	Dpy19	Q-cell neuroblast polarisation	DUF2211	DUF2211	false	https://www.ebi.ac.uk/interpro/entry/pfam/PF10034/
PF10040	PF10040.15	CRISPR_Cas6	CRISPR-associated endoribonuclease Cas6	DUF2276	DUF2276	false	https://www.ebi.ac.uk/interpro/entry/pfam/PF10040/
PF10048	PF10048.16	BufA1	BufA1 family periplasmic bufferin-type metallophore	DUF2282	DUF2282	false	https://www.ebi.ac.uk/interpro/entry/pfam/PF10048/
PF10057	PF10057.15	MpsC	Na+-translocating membrane potential-generating system (MpsC)	DUF2294	DUF2294	false	https://www.ebi.ac.uk/interpro/entry/pfam/PF10057/
PF10058	PF10058.15	Zn_ribbon_10	ER junction formation factor lunapark, zinc ribbon finger	DUF2296	DUF2296;zinc_ribbon_10	false	https://www.ebi.ac.uk/interpro/entry/pfam/PF10058/
PF10069	PF10069.15	DICT	Sensory domain in DIguanylate Cyclases and Two-component system	DUF2308	DUF2308	false	https://www.ebi.ac.uk/interpro/entry/pfam/PF10069/
PF10070	PF10070.15	DabA	Probable inorganic carbon transporter subunit DabA	DUF2309	DUF2309;MpsB	false	https://www.ebi.ac.uk/interpro/entry/pfam/PF10070/
PF10073	PF10073.15	GapR_DNA-bd	GapR-like, DNA-binding domain	DUF2312	DUF2312	false	https://www.ebi.ac.uk/interpro/entry/pfam/PF10073/
PF10074	PF10074.16	RovC_DNA-bd	T6SS, Transcription factor, DNA binding domain	DUF2285	DUF2285	false	https://www.ebi.ac.uk/interpro/entry/pfam/PF10074/
PF10076	PF10076.15	Phage_Mu_Gp48	Bacteriophage Mu-like, Gp48	DUF2313	DUF2313	false	https://www.ebi.ac.uk/interpro/entry/pfam/PF10076/
PF10079	PF10079.16	Rossmann-like_BshC	Bacillithiol biosynthesis BshC, N-terminal Rossmann-like domain	DUF2317	DUF2317;BshC	false	https://www.ebi.ac.uk/interpro/entry/pfam/PF10079/
PF10080	PF10080.15	FtrD-like	Membrane iron-sulfur containing protein FtrD-like	DUF2318	DUF2318	false	https://www.ebi.ac.uk/interpro/entry/pfam/PF10080/
PF10081	PF10081.16	Abhydrolase_9	Alpha/beta-hydrolase family	DUF2319	DUF2319	false	https://www.ebi.ac.uk/interpro/entry/pfam/PF10081/
PF10082	PF10082.16	BBP2_2	Putative beta-barrel porin 2	DUF2320	DUF2320	false	https://www.ebi.ac.uk/interpro/entry/pfam/PF10082/
PF10086	PF10086.15	YhfC	YhfC intramembrane metalloprotease	DUF2324	DUF2324	false	https://www.ebi.ac.uk/interpro/entry/pfam/PF10086/
PF10090	PF10090.16	HPTransfase	Histidine phosphotransferase C-terminal domain	DUF2328	DUF2328	false	https://www.ebi.ac.uk/interpro/entry/pfam/PF10090/
PF10091	PF10091.16	Glycoamylase	Putative glucoamylase	DUF2329	DUF2329	false	https://www.ebi.ac.uk/interpro/entry/pfam/PF10091/
PF10093	PF10093.15	EarP	Elongation-Factor P (EF-P) rhamnosyltransferase EarP	DUF2331	DUF2331	false	https://www.ebi.ac.uk/interpro/entry/pfam/PF10093/
PF10099	PF10099.15	RskA_C	Anti-sigma-K factor rskA, C-terminal	DUF2337	DUF2337;RskA	false	https://www.ebi.ac.uk/interpro/entry/pfam/PF10099/
PF10100	PF10100.15	Staph_opine_DH	Staphylopine dehydrogenase	DUF2338	DUF2338	false	https://www.ebi.ac.uk/interpro/entry/pfam/PF10100/
PF10103	PF10103.16	Zincin_2	Zincin-like metallopeptidase	DUF2342	DUF2342;Zinicin_2	false	https://www.ebi.ac.uk/interpro/entry/pfam/PF10103/
PF10104	PF10104.15	Brr6_like_C_C	Di-sulfide bridge nucleocytoplasmic transport domain	DUF2343	DUF2343	false	https://www.ebi.ac.uk/interpro/entry/pfam/PF10104/
PF10151	PF10151.15	TMEM214	TMEM214, C-terminal, caspase 4 activator	DUF2359	DUF2359	false	https://www.ebi.ac.uk/interpro/entry/pfam/PF10151/
PF10152	PF10152.15	CCDC53	Subunit CCDC53 of WASH complex	DUF2360	DUF2360	false	https://www.ebi.ac.uk/interpro/entry/pfam/PF10152/
PF10153	PF10153.15	Efg1	rRNA-processing protein Efg1	DUF2361	DUF2361	false	https://www.ebi.ac.uk/interpro/entry/pfam/PF10153/
PF10154	PF10154.15	Fy-3	Ferry endosomal RAB5 effector complex subunit 3	DUF2362	DUF2362	false	https://www.ebi.ac.uk/interpro/entry/pfam/PF10154/
PF10155	PF10155.15	CNOT11	CCR4-NOT transcription complex subunit 11	DUF2363	DUF2363	false	https://www.ebi.ac.uk/interpro/entry/pfam/PF10155/
PF10156	PF10156.15	Med17	Subunit 17 of Mediator complex	DUF2364	DUF2364	false	https://www.ebi.ac.uk/interpro/entry/pfam/PF10156/
PF10157	PF10157.15	BORCS6	BLOC-1-related complex sub-unit 6 C-terminal helix	DUF2365	DUF2365	false	https://www.ebi.ac.uk/interpro/entry/pfam/PF10157/
PF10164	PF10164.15	BRI3	Brain protein I3	DUF2367	DUF2367	false	https://www.ebi.ac.uk/interpro/entry/pfam/PF10164/
PF10171	PF10171.15	Tim29	Translocase of the Inner Mitochondrial membrane 29	DUF2366	DUF2366	false	https://www.ebi.ac.uk/interpro/entry/pfam/PF10171/
PF10173	PF10173.15	Mit_KHE1	Mitochondrial K+-H+ exchange-related	DUF2343	DUF2343	false	https://www.ebi.ac.uk/interpro/entry/pfam/PF10173/
PF10176	PF10176.15	NEDD4_Bsd2	NEDD4/Bsd2	DUF2370	DUF2370	false	https://www.ebi.ac.uk/interpro/entry/pfam/PF10176/
PF10178	PF10178.15	PAC3	Proteasome assembly chaperone 3	DUF2372	DUF2372	false	https://www.ebi.ac.uk/interpro/entry/pfam/PF10178/
PF10179	PF10179.16	NDNF	Neuron-derived neurotrophic factor, first Fn(III) domain	DUF2369	DUF2369	false	https://www.ebi.ac.uk/interpro/entry/pfam/PF10179/
PF10180	PF10180.15	WKF	WKF domain	DUF2373	DUF2373	false	https://www.ebi.ac.uk/interpro/entry/pfam/PF10180/
PF10186	PF10186.15	ATG14	Vacuolar sorting 38 and autophagy-related subunit 14	DUF2355	DUF2355;Atg14	false	https://www.ebi.ac.uk/interpro/entry/pfam/PF10186/
PF10189	PF10189.16	Ints3_N	Integrator complex subunit 3 N-terminal	DUF2356	DUF2356;Ints3	false	https://www.ebi.ac.uk/interpro/entry/pfam/PF10189/
PF10191	PF10191.16	COG7	Golgi complex component 7 (COG7)	DUF2354	DUF2354	false	https://www.ebi.ac.uk/interpro/entry/pfam/PF10191/
PF10218	PF10218.15	SPRING1	SREBP regulating gene protein	DUF2054	DUF2054	false	https://www.ebi.ac.uk/interpro/entry/pfam/PF10218/
PF10220	PF10220.15	Smg8_Smg9	Smg8_Smg9	DUF2146	DUF2146	false	https://www.ebi.ac.uk/interpro/entry/pfam/PF10220/
PF10221	PF10221.15	Mat89Bb	Cell cycle and development regulator Mat89Bb	DUF2151	DUF2151	false	https://www.ebi.ac.uk/interpro/entry/pfam/PF10221/
PF10223	PF10223.16	Menorin_N	Menorin N-terminal domain	DUF2181	DUF2181;Menorin	false	https://www.ebi.ac.uk/interpro/entry/pfam/PF10223/
PF10225	PF10225.15	NEMP	NEMP family	DUF2215	DUF2215	false	https://www.ebi.ac.uk/interpro/entry/pfam/PF10225/
PF10226	PF10226.15	CCDC85	CCDC85 family	DUF2216	DUF2216	false	https://www.ebi.ac.uk/interpro/entry/pfam/PF10226/
PF10228	PF10228.16	HPF1	Histone PARylation factor 1	DUF2228	DUF2228	false	https://www.ebi.ac.uk/interpro/entry/pfam/PF10228/
PF10229	PF10229.15	MMADHC	Methylmalonic aciduria and homocystinuria type D protein	DUF2246	DUF2246	false	https://www.ebi.ac.uk/interpro/entry/pfam/PF10229/
PF10230	PF10230.16	LIDHydrolase	Lipid-droplet associated hydrolase	DUF2305	DUF2305	false	https://www.ebi.ac.uk/interpro/entry/pfam/PF10230/
PF10231	PF10231.15	COA8	Cytochrome c oxidase assembly factor 8	DUF2315	DUF2315	false	https://www.ebi.ac.uk/interpro/entry/pfam/PF10231/
PF10240	PF10240.16	MABP	MABP domain	DUF2464	Fam125A;DUF2464	false	https://www.ebi.ac.uk/interpro/entry/pfam/PF10240/
PF10265	PF10265.15	Miga	Mitoguardin	DUF2217	DUF2217	false	https://www.ebi.ac.uk/interpro/entry/pfam/PF10265/
PF10282	PF10282.16	Lactonase	Lactonase, 7-bladed beta-propeller	DUF2394	DUF2394;Muc_lac_enz	false	https://www.ebi.ac.uk/interpro/entry/pfam/PF10282/
PF10287	PF10287.17	YJL171C_Tos1_C	Cell wall protein YJL171C/Tos1, C-terminal	DUF2401	DUF2401	false	https://www.ebi.ac.uk/interpro/entry/pfam/PF10287/
PF10288	PF10288.15	CTU2	Cytoplasmic tRNA 2-thiolation protein 2	DUF2392	DUF2392	false	https://www.ebi.ac.uk/interpro/entry/pfam/PF10288/
PF10290	PF10290.15	YJL171C_Tos1_N	Cell wall protein YJL171C/Tos1, N-terminal	DUF2403	DUF2403	false	https://www.ebi.ac.uk/interpro/entry/pfam/PF10290/
PF10296	PF10296.16	MMM1	Maintenance of mitochondrial morphology protein 1	DUF2404	DUF2404	false	https://www.ebi.ac.uk/interpro/entry/pfam/PF10296/
PF10300	PF10300.16	Iml2-TPR_39	Iml2/Tetratricopeptide repeat protein 39	DUF3808	Deme6;IML2;DUF3808	false	https://www.ebi.ac.uk/interpro/entry/pfam/PF10300/
PF10302	PF10302.16	Dsc3_N	DSC E3 ubiquitin ligase complex subunit 3, ubiquitin-like domain	DUF2407	DUF2407	false	https://www.ebi.ac.uk/interpro/entry/pfam/PF10302/
PF10304	PF10304.16	RTP1_C2	Required for nuclear transport of RNA pol II C-terminus 2	DUF2411	DUF2411;RTP_C2	false	https://www.ebi.ac.uk/interpro/entry/pfam/PF10304/
PF10307	PF10307.16	HAD_SAK_1	HAD domain family 1 in Swiss Army Knife RNA repair proteins	DUF2410	DUF2410	false	https://www.ebi.ac.uk/interpro/entry/pfam/PF10307/
PF10309	PF10309.16	NCBP3	Nuclear cap-binding protein subunit 3	DUF2414	DUF2414	false	https://www.ebi.ac.uk/interpro/entry/pfam/PF10309/
PF10310	PF10310.16	DUF5427	Domain of unknown function (DUF5427)	DUF2413	DUF2413;Mtc1	true	https://www.ebi.ac.uk/interpro/entry/pfam/PF10310/
PF10315	PF10315.15	Aim19	Altered inheritance of mitochondria protein 19	DUF2416	DUF2416	false	https://www.ebi.ac.uk/interpro/entry/pfam/PF10315/
PF10334	PF10334.17	BRE4	Brefeldin A-sensitivity protein 4-like domain	DUF2421	DUF2421;ArAE_2	false	https://www.ebi.ac.uk/interpro/entry/pfam/PF10334/
PF10337	PF10337.16	ArAE_2_N	Putative ER transporter, 6TM, N-terminal	DUF2422	DUF2422	false	https://www.ebi.ac.uk/interpro/entry/pfam/PF10337/
PF10338	PF10338.16	YBL028C_N	YBL028C ribosome biogenesis factor, N-terminal domain	DUF2423	DUF2423	false	https://www.ebi.ac.uk/interpro/entry/pfam/PF10338/
PF10340	PF10340.16	Say1_Mug180	Steryl acetyl hydrolase	DUF2424	DUF2424	false	https://www.ebi.ac.uk/interpro/entry/pfam/PF10340/
PF10343	PF10343.15	Q_salvage	Queuosine salvage protein	DUF2419	DUF2419	false	https://www.ebi.ac.uk/interpro/entry/pfam/PF10343/
PF10344	PF10344.16	Hobbit	Hobbit/FMP27/BTLP2 family	DUF2425	DUF2425;Fmp27;FMP27-BLTP2_N	false	https://www.ebi.ac.uk/interpro/entry/pfam/PF10344/
PF10354	PF10354.16	BMT5-like	rRNA (uridine-N3-)-methyltransferase BTM5-like	DUF2431	DUF2431	false	https://www.ebi.ac.uk/interpro/entry/pfam/PF10354/
PF10356	PF10356.16	RRG7	Required for respiratory growth protein 7	DUF2034	DUF2034	false	https://www.ebi.ac.uk/interpro/entry/pfam/PF10356/
PF10363	PF10363.16	RTP1_C1	Required for nuclear transport of RNA pol II C-terminus 1	DUF2435	DUF2435;Pmp3	false	https://www.ebi.ac.uk/interpro/entry/pfam/PF10363/
PF10370	PF10370.15	Rv2993c-like_N	Rv2993c-like, N-terminal	DUF2437	DUF2437	false	https://www.ebi.ac.uk/interpro/entry/pfam/PF10370/
PF10382	PF10382.15	ZGRF1-like_N	DNA helicase ZGRF1-like, N-terminal domain	DUF2439	DUF2439	false	https://www.ebi.ac.uk/interpro/entry/pfam/PF10382/
PF10444	PF10444.15	Nbl1_Borealin_N	Nbl1 / Borealin N terminal	DUF2455	DUF2455	false	https://www.ebi.ac.uk/interpro/entry/pfam/PF10444/
PF10474	PF10474.16	Syndetin_C	Syndetin, C-terminal	DUF2451	DUF2451	false	https://www.ebi.ac.uk/interpro/entry/pfam/PF10474/
PF10475	PF10475.16	Vps54_N	Vacuolar-sorting protein 54, of GARP complex	DUF2450	DUF2450	false	https://www.ebi.ac.uk/interpro/entry/pfam/PF10475/
PF10486	PF10486.15	PI3K_1B_p101	Phosphoinositide 3-kinase gamma adapter protein p101 subunit	DUF2447	DUF2447	false	https://www.ebi.ac.uk/interpro/entry/pfam/PF10486/
PF10507	PF10507.15	TMEM65	Transmembrane protein 65	DUF2453	DUF2453	false	https://www.ebi.ac.uk/interpro/entry/pfam/PF10507/
PF10521	PF10521.15	Tti2	Tti2 family	DUF2454	DUF2454	false	https://www.ebi.ac.uk/interpro/entry/pfam/PF10521/
PF10561	PF10561.16	C2orf69	C2orf69	UPF0565	UPF0565	false	https://www.ebi.ac.uk/interpro/entry/pfam/PF10561/
PF10577	PF10577.16	FAM171A1-2-B_N	FAM171A1/A2/B, N-terminal	UPF0560	UPF0560	false	https://www.ebi.ac.uk/interpro/entry/pfam/PF10577/
PF10595	PF10595.15	FAM161A_B	Protein FAM161A/B	UPF0564	UPF0564	false	https://www.ebi.ac.uk/interpro/entry/pfam/PF10595/
PF10618	PF10618.15	Tail_tube	Phage tail tube protein	DUF2473	DUF2473	false	https://www.ebi.ac.uk/interpro/entry/pfam/PF10618/
PF10629	PF10629.16	CMI2B-like	Ciliary microtubule inner protein 2B-like	DUF2475	DUF2475	false	https://www.ebi.ac.uk/interpro/entry/pfam/PF10629/
PF10639	PF10639.16	TMEM234	Putative transmembrane family 234	UPF0546	UPF0546	false	https://www.ebi.ac.uk/interpro/entry/pfam/PF10639/
PF10651	PF10651.16	BppU_N	BppU N-terminal domain	DUF2479	DUF2479	false	https://www.ebi.ac.uk/interpro/entry/pfam/PF10651/
PF10654	PF10654.16	DUF2481	Protein of unknown function (DUF2481)	DUF2482	DUF2482	true	https://www.ebi.ac.uk/interpro/entry/pfam/PF10654/
PF10664	PF10664.16	NdhM	Cyanobacterial and plastid NDH-1 subunit M	DUF2485	DUF2485;NADHqo1-M;NADHdh-M	false	https://www.ebi.ac.uk/interpro/entry/pfam/PF10664/
PF10674	PF10674.15	Ycf54	Ycf54 protein	DUF2488	DUF2488	false	https://www.ebi.ac.uk/interpro/entry/pfam/PF10674/
PF10686	PF10686.15	YAcAr	YspA, cpYpsA-related SLOG family	DUF2493	DUF2493	false	https://www.ebi.ac.uk/interpro/entry/pfam/PF10686/
PF10709	PF10709.15	YebY	Protein YebY	DUF2511	DUF2511	false	https://www.ebi.ac.uk/interpro/entry/pfam/PF10709/
PF10747	PF10747.15	SirA	Sporulation inhibitor of replication protein SirA	DUF2522	DUF2522	false	https://www.ebi.ac.uk/interpro/entry/pfam/PF10747/
PF10748	PF10748.15	HofP	DNA utilization proteins HofP	DUF2531	DUF2531	false	https://www.ebi.ac.uk/interpro/entry/pfam/PF10748/
PF10753	PF10753.16	Toxin_GhoT_OrtT	Toxin GhoT_OrtT	DUF2566	DUF2566	false	https://www.ebi.ac.uk/interpro/entry/pfam/PF10753/
PF10756	PF10756.16	bPH_6	Bacterial PH domain	DUF2581	DUF2581	false	https://www.ebi.ac.uk/interpro/entry/pfam/PF10756/
PF10759	PF10759.15	BPA	Bacterial proteasome activator	DUF2587	DUF2587	false	https://www.ebi.ac.uk/interpro/entry/pfam/PF10759/
PF10765	PF10765.15	Phage_P22_NinX	Bacteriophage P22, NinX	DUF2591	DUF2591	false	https://www.ebi.ac.uk/interpro/entry/pfam/PF10765/
PF10766	PF10766.15	AcrZ	Multidrug efflux pump-associated protein AcrZ	DUF2592	DUF2592	false	https://www.ebi.ac.uk/interpro/entry/pfam/PF10766/
PF10767	PF10767.16	YbjO_DH-like	Inner membrane protein YbjO, dehydrogenase-like	DUF2593	DUF2593	false	https://www.ebi.ac.uk/interpro/entry/pfam/PF10767/
PF10772	PF10772.16	Phage_HP1_Orf24	Bacteriophage HP1, Orf24	DUF2597	DUF2597	false	https://www.ebi.ac.uk/interpro/entry/pfam/PF10772/
PF10782	PF10782.15	zf-C2HCIx2C	Zinc-finger	DUF2602	DUF2602	false	https://www.ebi.ac.uk/interpro/entry/pfam/PF10782/
PF10803	PF10803.14	GerPB	Spore germination GerPB	DUF2539	DUF2539	false	https://www.ebi.ac.uk/interpro/entry/pfam/PF10803/
PF10806	PF10806.14	SAM35	SAM35, subunit of SAM coomplex	DUF2731	DUF2731	false	https://www.ebi.ac.uk/interpro/entry/pfam/PF10806/
PF10813	PF10813.14	Herpesvir_UL11	Herpesvirus UL11 homologue	DUF2733	DUF2733	false	https://www.ebi.ac.uk/interpro/entry/pfam/PF10813/
PF10814	PF10814.15	CwsA	Cell wall synthesis protein CwsA	DUF2562	DUF2562	false	https://www.ebi.ac.uk/interpro/entry/pfam/PF10814/
PF10818	PF10818.14	SecM_small	secA translation cis-regulator SecM, small type	DUF2547	DUF2547	false	https://www.ebi.ac.uk/interpro/entry/pfam/PF10818/
PF10824	PF10824.15	T7SS_ESX_EspC	Excreted virulence factor EspC, type VII ESX diderm	DUF2580	DUF2580	false	https://www.ebi.ac.uk/interpro/entry/pfam/PF10824/
PF10832	PF10832.14	YhfG	YhfG	DUF2559	DUF2559	false	https://www.ebi.ac.uk/interpro/entry/pfam/PF10832/
PF10843	PF10843.14	RGI1	Respiratory growth induced protein 1	DUF2578	DUF2578	false	https://www.ebi.ac.uk/interpro/entry/pfam/PF10843/
PF10862	PF10862.15	FcoT	FcoT-like thioesterase domain	DUF2662	DUF2662	false	https://www.ebi.ac.uk/interpro/entry/pfam/PF10862/
PF10863	PF10863.15	NOP19	Nucleolar protein 19	DUF2702	DUF2702	false	https://www.ebi.ac.uk/interpro/entry/pfam/PF10863/
PF10868	PF10868.15	Defensin_like	Cysteine-rich antifungal protein 2, defensin-like	DUF2667	DUF2667	false	https://www.ebi.ac.uk/interpro/entry/pfam/PF10868/
PF10873	PF10873.14	CYYR1	Cysteine and tyrosine-rich protein 1	DUF2668	DUF2668	false	https://www.ebi.ac.uk/interpro/entry/pfam/PF10873/
PF10876	PF10876.15	Phage_TAC_9	Phage tail assembly chaperone protein, TAC	DUF2669	DUF2669	false	https://www.ebi.ac.uk/interpro/entry/pfam/PF10876/
PF10882	PF10882.15	bPH_5	Bacterial PH domain	DUF2679	DUF2679	false	https://www.ebi.ac.uk/interpro/entry/pfam/PF10882/
PF10890	PF10890.14	Cyt_b-c1_8	Cytochrome b-c1 complex subunit 8	DUF2741	DUF2741	false	https://www.ebi.ac.uk/interpro/entry/pfam/PF10890/
PF10893	PF10893.15	Phage_186_Fil	Bacteriophage 186, Fil	DUF2724	DUF2724	false	https://www.ebi.ac.uk/interpro/entry/pfam/PF10893/
PF10899	PF10899.14	AbiGi	Putative abortive phage resistance protein AbiGi, antitoxin	DUF2743	DUF2743	false	https://www.ebi.ac.uk/interpro/entry/pfam/PF10899/
PF10902	PF10902.14	WYL_2	WYL_2, Sm-like SH3 beta-barrel fold	DUF2693	DUF2693	false	https://www.ebi.ac.uk/interpro/entry/pfam/PF10902/
PF10906	PF10906.14	Mrx7	MIOREX complex component 7	DUF2697	DUF2697	false	https://www.ebi.ac.uk/interpro/entry/pfam/PF10906/
PF10908	PF10908.14	Tlde1_dom	Tlde1 domain	DUF2778	DUF2778	false	https://www.ebi.ac.uk/interpro/entry/pfam/PF10908/
PF10910	PF10910.15	Phage_gene29	Phage gene 29 protein family	DUF2744	DUF2744	false	https://www.ebi.ac.uk/interpro/entry/pfam/PF10910/
PF10911	PF10911.14	T7-like_Y65	Bacteriophage T7-like gene 6.5	DUF2717	DUF2717	false	https://www.ebi.ac.uk/interpro/entry/pfam/PF10911/
PF10912	PF10912.15	Glam1	Glia associated membrane protein glam-1	DUF2700	DUF2700	false	https://www.ebi.ac.uk/interpro/entry/pfam/PF10912/
PF10917	PF10917.14	Fungus-induced	Fungus-induced protein	DUF2708	DUF2708	false	https://www.ebi.ac.uk/interpro/entry/pfam/PF10917/
PF10922	PF10922.15	T7-like_gp12	Bacteriophage T7-like, gene 1.2	DUF2745	DUF2745	false	https://www.ebi.ac.uk/interpro/entry/pfam/PF10922/
PF10923	PF10923.15	BrxC_BrxD	BREX system ATP-binding protein BrxC/D	DUF2791	DUF2791	false	https://www.ebi.ac.uk/interpro/entry/pfam/PF10923/
PF10934	PF10934.15	Sheath_initiator	Contractile injection system sheath initiator	DUF2634	DUF2634	false	https://www.ebi.ac.uk/interpro/entry/pfam/PF10934/
PF10937	PF10937.14	Kgd4-YMR31	Alpha-ketoglutarate dehydrogenase component 4/YMR-31	DUF2638	DUF2638;S36_mt	false	https://www.ebi.ac.uk/interpro/entry/pfam/PF10937/
PF10940	PF10940.13	SpeFL	Leader peptide SpeFL	DUF2618	DUF2618	false	https://www.ebi.ac.uk/interpro/entry/pfam/PF10940/
PF10945	PF10945.14	CBP_BcsR	Cellulose biosynthesis protein BcsR-like	DUF2629	DUF2629	false	https://www.ebi.ac.uk/interpro/entry/pfam/PF10945/
PF10950	PF10950.14	Organ_specific	Organ specific protein	DUF2775	DUF2775	false	https://www.ebi.ac.uk/interpro/entry/pfam/PF10950/
PF10955	PF10955.14	Fin	Anti-sigma-F factor Fin	DUF2757	DUF2757	false	https://www.ebi.ac.uk/interpro/entry/pfam/PF10955/
PF10957	PF10957.14	Spore_Cse60	Sporulation protein Cse60	DUF2758	DUF2758	false	https://www.ebi.ac.uk/interpro/entry/pfam/PF10957/
PF10960	PF10960.14	Holin_BhlA	BhlA holin family	DUF2762	DUF2762	false	https://www.ebi.ac.uk/interpro/entry/pfam/PF10960/
PF10961	PF10961.14	SelK_SelG	Selenoprotein SelK_SelG	DUF2763	DUF2763	false	https://www.ebi.ac.uk/interpro/entry/pfam/PF10961/
PF10963	PF10963.15	Phage_TAC_10	Phage tail assembly chaperone	DUF2765	DUF2765	false	https://www.ebi.ac.uk/interpro/entry/pfam/PF10963/
PF10970	PF10970.14	GerPE	Spore germination protein GerPE	DUF2772	DUF2772	false	https://www.ebi.ac.uk/interpro/entry/pfam/PF10970/
PF10972	PF10972.14	CsiV	Peptidoglycan-binding protein, CsiV	DUF2803	DUF2803	false	https://www.ebi.ac.uk/interpro/entry/pfam/PF10972/
PF10974	PF10974.16	DUF2804	Domain of unknown function (DUF2804)	DUF2804;DUF2804_N	DUF2804;DUF2804_N	true	https://www.ebi.ac.uk/interpro/entry/pfam/PF10974/
PF10986	PF10986.15	ZrgA	ZrgA family zinc uptake protein	DUF2796	DUF2796	false	https://www.ebi.ac.uk/interpro/entry/pfam/PF10986/
PF10991	PF10991.16	Enc34_ssDNA-bd	Enterobacter phage Enc34, ssDNA-binding protein	DUF2815	DUF2815	false	https://www.ebi.ac.uk/interpro/entry/pfam/PF10991/
PF10992	PF10992.14	Epiplasmin	Epiplasmin protein	DUF2816	DUF2816	false	https://www.ebi.ac.uk/interpro/entry/pfam/PF10992/
PF10995	PF10995.15	BcsE_N	Cellulose biosynthesis protein BcsE, N-terminal domain	DUF2819	DUF2819;CBP_GIL;CBP_BcsE	false	https://www.ebi.ac.uk/interpro/entry/pfam/PF10995/
PF10997	PF10997.14	Amj	Alternate to MurJ	DUF2837	DUF2837	false	https://www.ebi.ac.uk/interpro/entry/pfam/PF10997/
PF11001	PF11001.15	AFUB_07903_YDR124W_hel	YDR124W-like, helical bundle domain	DUF2841	DUF2841	false	https://www.ebi.ac.uk/interpro/entry/pfam/PF11001/
PF11004	PF11004.16	Kdo_hydroxy	3-deoxy-D-manno-oct-2-ulosonic acid (Kdo) hydroxylase	DUF2843	DUF2843	false	https://www.ebi.ac.uk/interpro/entry/pfam/PF11004/
PF11009	PF11009.15	BrxC	Monothiol bacilliredoxin BrxC	DUF2847	DUF2847	false	https://www.ebi.ac.uk/interpro/entry/pfam/PF11009/
PF11022	PF11022.14	ATP19	ATP synthase subunit K	DUF2611	DUF2611	false	https://www.ebi.ac.uk/interpro/entry/pfam/PF11022/
PF11028	PF11028.15	TMEM260_N	Protein O-mannosyl-transferase TMEM260 N-terminal domain	DUF2723	DUF2723;TMEM260-like	false	https://www.ebi.ac.uk/interpro/entry/pfam/PF11028/
PF11034	PF11034.14	Grg1	Glucose-repressible protein Grg1	DUF2823	DUF2823	false	https://www.ebi.ac.uk/interpro/entry/pfam/PF11034/
PF11041	PF11041.14	Phage_Wedge1	Bacteriophage baseplate wedge 1 protein	DUF2612	DUF2612	false	https://www.ebi.ac.uk/interpro/entry/pfam/PF11041/
PF11043	PF11043.15	Anti-RecBCD_p2	Bacteriophage P22, anti-RecBCD protein 2	DUF2856	DUF2856	false	https://www.ebi.ac.uk/interpro/entry/pfam/PF11043/
PF11061	PF11061.15	Tsr0524-like	Cytochrome b6f, subunit Tsr0524-like	DUF2862	DUF2862	false	https://www.ebi.ac.uk/interpro/entry/pfam/PF11061/
PF11068	PF11068.14	YlqD	YlqD protein	DUF2869	DUF2869	false	https://www.ebi.ac.uk/interpro/entry/pfam/PF11068/
PF11069	PF11069.14	CFAP298	Cilia- and flagella-associated protein 298	DUF2870	DUF2870	false	https://www.ebi.ac.uk/interpro/entry/pfam/PF11069/
PF11071	PF11071.15	Nuc_deoxyri_tr3	Nucleoside 2-deoxyribosyltransferase YtoQ	DUF2872	DUF2872	false	https://www.ebi.ac.uk/interpro/entry/pfam/PF11071/
PF11080	PF11080.14	GhoS	Endoribonuclease GhoS	DUF2622	DUF2622	false	https://www.ebi.ac.uk/interpro/entry/pfam/PF11080/
PF11081	PF11081.13	Adeno_L433K_22K	Adenovirus L4-33K/L4-22K	DUF2890	DUF2890	false	https://www.ebi.ac.uk/interpro/entry/pfam/PF11081/
PF11087	PF11087.14	PRD1_DD	PRD1 phage membrane DNA delivery	DUF2881	DUF2881	false	https://www.ebi.ac.uk/interpro/entry/pfam/PF11087/
PF11090	PF11090.15	Phage_T7_Gp13	Bacteriophage T7, probable scaffold protein Gp13	DUF2833	DUF2833	false	https://www.ebi.ac.uk/interpro/entry/pfam/PF11090/
PF11102	PF11102.14	YjbF	Group 4 capsule polysaccharide lipoprotein gfcB, YjbF	DUF2886	DUF2886;Cap_synth_GfcC;Cap_synth_GfcB	false	https://www.ebi.ac.uk/interpro/entry/pfam/PF11102/
PF11120	PF11120.15	CBP_BcsF	Cellulose biosynthesis protein BcsF	DUF2636	DUF2636;CBP_BC	false	https://www.ebi.ac.uk/interpro/entry/pfam/PF11120/
PF11125	PF11125.13	Phage_MS2_lysis	Bacteriophage MS2, lysis protein	DUF2830	DUF2830	false	https://www.ebi.ac.uk/interpro/entry/pfam/PF11125/
PF11127	PF11127.15	YgaP-like_TM	Inner membrane protein YgaP-like, transmembrane domain	DUF2892	DUF2892;YgaP_TM	false	https://www.ebi.ac.uk/interpro/entry/pfam/PF11127/
PF11139	PF11139.15	SfLAP	Sap, sulfolipid-1-addressing protein	DUF2910	DUF2910	false	https://www.ebi.ac.uk/interpro/entry/pfam/PF11139/
PF11152	PF11152.15	CCB2_CCB4	Cofactor assembly of complex C subunit B, CCB2/CCB4	DUF2930	DUF2930	false	https://www.ebi.ac.uk/interpro/entry/pfam/PF11152/
PF11160	PF11160.14	Hva1_TUDOR	Hypervirulence associated proteins TUDOR domain	DUF2945	DUF2945	false	https://www.ebi.ac.uk/interpro/entry/pfam/PF11160/
PF11175	PF11175.16	GH172_2nd	GH172 second beta-sandwich domain	DUF2961	DUF2961	false	https://www.ebi.ac.uk/interpro/entry/pfam/PF11175/
PF11176	PF11176.14	Tma16	Translation machinery-associated protein 16	DUF2962	DUF2962	false	https://www.ebi.ac.uk/interpro/entry/pfam/PF11176/
PF11187	PF11187.15	Mbeg1-like	Mbeg1-like	DUF2974	DUF2974	false	https://www.ebi.ac.uk/interpro/entry/pfam/PF11187/
PF11195	PF11195.15	Tad2-like	Thoeris anti-defense 2-like domain	DUF2829	DUF2829	false	https://www.ebi.ac.uk/interpro/entry/pfam/PF11195/
PF11196	PF11196.14	DUF2834	Protein of unknown function DUF2834	DUF2834	DUF2834;DEP1	true	https://www.ebi.ac.uk/interpro/entry/pfam/PF11196/
PF11202	PF11202.15	StiP	Tellurite-like stress resistance cysteine protease StiP	DUF2983	DUF2983;PRTase_1	false	https://www.ebi.ac.uk/interpro/entry/pfam/PF11202/
PF11203	PF11203.14	EccE	Putative type VII ESX secretion system translocon, EccE	DUF2984	DUF2984	false	https://www.ebi.ac.uk/interpro/entry/pfam/PF11203/
PF11209	PF11209.14	LmeA	LmeA-like phospholipid-binding	DUF2993	DUF2993	false	https://www.ebi.ac.uk/interpro/entry/pfam/PF11209/
PF11229	PF11229.15	Focadhesin	Focadhesin	DUF3028	DUF3028	false	https://www.ebi.ac.uk/interpro/entry/pfam/PF11229/
PF11230	PF11230.14	YjjI-like	Glycyl radical enzyme YjjI-like	DUF3029	DUF3029	false	https://www.ebi.ac.uk/interpro/entry/pfam/PF11230/
PF11247	PF11247.15	Phage_T7_55	Bacteriophage T7, gene 5.5	DUF2675	DUF2675	false	https://www.ebi.ac.uk/interpro/entry/pfam/PF11247/
PF11250	PF11250.14	FAF	Fantastic Four meristem regulator	DUF3049	DUF3049	false	https://www.ebi.ac.uk/interpro/entry/pfam/PF11250/
PF11251	PF11251.15	HamA_HO-like	HamA Heme-Oxygenase-like enzyme family	DUF3050	DUF3050	false	https://www.ebi.ac.uk/interpro/entry/pfam/PF11251/
PF11256	PF11256.14	SAV0927-like	SAV0927-like	DUF3055	DUF3055	false	https://www.ebi.ac.uk/interpro/entry/pfam/PF11256/
PF11266	PF11266.16	Ald_deCOase	Long-chain fatty aldehyde decarbonylase	DUF3066	DUF3066	false	https://www.ebi.ac.uk/interpro/entry/pfam/PF11266/
PF11271	PF11271.14	PorA	Porin PorA	DUF3068	DUF3068	false	https://www.ebi.ac.uk/interpro/entry/pfam/PF11271/
PF11289	PF11289.14	bCoV_viroporin	Betacoronavirus viroporin	DUF3092	DUF3092;APA3_viroporin	false	https://www.ebi.ac.uk/interpro/entry/pfam/PF11289/
PF11296	PF11296.15	DUF3097_C	DUF3097, C-terminal domain	DUF3097	DUF3097	true	https://www.ebi.ac.uk/interpro/entry/pfam/PF11296/
PF11307	PF11307.14	Rv0495c	Rv0495c-like	DUF3109	DUF3109	false	https://www.ebi.ac.uk/interpro/entry/pfam/PF11307/
PF11308	PF11308.15	Glyco_hydro_129	Glycosyl hydrolases related to GH101 family, GH129	DUF3111	DUF3111;GHL;GHL1-3	false	https://www.ebi.ac.uk/interpro/entry/pfam/PF11308/
PF11312	PF11312.15	Methyltransf_34	Putative SAM-dependent methyltransferase	DUF3115	DUF3115	false	https://www.ebi.ac.uk/interpro/entry/pfam/PF11312/
PF11316	PF11316.15	Rhamno_transf	Putative rhamnosyl transferase	DUF3118	DUF3118	false	https://www.ebi.ac.uk/interpro/entry/pfam/PF11316/
PF11319	PF11319.14	VasI	Type VI secretion system VasI, EvfG, VC_A0118	DUF3121	DUF3121	false	https://www.ebi.ac.uk/interpro/entry/pfam/PF11319/
PF11326	PF11326.14	PANTS-like	Synaptic plasticity regulator PANTS-like	DUF3128	DUF3128	false	https://www.ebi.ac.uk/interpro/entry/pfam/PF11326/
PF11327	PF11327.14	Egh16-like	Egh16-like virulence factor	DUF3129	DUF3129	false	https://www.ebi.ac.uk/interpro/entry/pfam/PF11327/
PF11330	PF11330.14	30K_MP_C_Ter	C-Terminal of 30K viral movement proteins	DUF3132	DUF3132	false	https://www.ebi.ac.uk/interpro/entry/pfam/PF11330/
PF11331	PF11331.14	Zn_ribbon_12	EDR4 zinc-ribbon domain	DUF3133	DUF3133;zinc_ribbon_12	false	https://www.ebi.ac.uk/interpro/entry/pfam/PF11331/
PF11347	PF11347.15	CRR42-like	Protein CHLORORESPIRATORY REDUCTION 42-like	DUF3148	DUF3148	false	https://www.ebi.ac.uk/interpro/entry/pfam/PF11347/
PF11351	PF11351.14	GTA_holin_3TM	Holin of 3TMs, for gene-transfer release	DUF3154	DUF3154	false	https://www.ebi.ac.uk/interpro/entry/pfam/PF11351/
PF11365	PF11365.14	SOGA	Protein SOGA	DUF3166	DUF3166	false	https://www.ebi.ac.uk/interpro/entry/pfam/PF11365/
PF11367	PF11367.15	Tail_completion_gp17	Tail completion protein gp17	DUF3168	DUF3168	false	https://www.ebi.ac.uk/interpro/entry/pfam/PF11367/
PF11380	PF11380.14	Stealth_CR2	Stealth protein CR2, conserved region 2	DUF3184	DUF3184	false	https://www.ebi.ac.uk/interpro/entry/pfam/PF11380/
PF11382	PF11382.14	MctB	Copper transport outer membrane protein, MctB	DUF3186	DUF3186	false	https://www.ebi.ac.uk/interpro/entry/pfam/PF11382/
PF11392	PF11392.15	AllH	Oxamate carbamoyltransferase subunit AllH	DUF2877	DUF2877	false	https://www.ebi.ac.uk/interpro/entry/pfam/PF11392/
PF11394	PF11394.14	Tla3_N	Type VI lipase adapter protein Tla3, N-terminal	DUF2875	DUF2875	false	https://www.ebi.ac.uk/interpro/entry/pfam/PF11394/
PF11395	PF11395.13	bCoV_NS7B	Betacoronavirus NS7B protein	DUF2873	DUF2873;Corona_NS7B	false	https://www.ebi.ac.uk/interpro/entry/pfam/PF11395/
PF11396	PF11396.15	PepSY_like	Putative beta-lactamase-inhibitor-like, PepSY-like	DUF2874	DUF2874	false	https://www.ebi.ac.uk/interpro/entry/pfam/PF11396/
PF11439	PF11439.13	T3SchapCesA	Type III secretion system filament chaperone CesA	DUF3200	DUF3200;CesA	false	https://www.ebi.ac.uk/interpro/entry/pfam/PF11439/
PF11449	PF11449.15	ArsP_2	Putative, 10TM heavy-metal exporter	DUF2899	DUF2899	false	https://www.ebi.ac.uk/interpro/entry/pfam/PF11449/
PF11455	PF11455.14	MazE-like	Antitoxin MazE-like	DUF3018	DUF3018	false	https://www.ebi.ac.uk/interpro/entry/pfam/PF11455/
PF11459	PF11459.14	AbiEi_3	Transcriptional regulator, AbiEi antitoxin, Type IV TA system	DUF2893	DUF2893	false	https://www.ebi.ac.uk/interpro/entry/pfam/PF11459/
PF11469	PF11469.14	Ribonucleas_3_2	Ribonuclease III	DUF3204	DUF3204	false	https://www.ebi.ac.uk/interpro/entry/pfam/PF11469/
PF11471	PF11471.14	Sugarporin_N	Maltoporin periplasmic N-terminal extension	DUF3205	DUF3205	false	https://www.ebi.ac.uk/interpro/entry/pfam/PF11471/
PF11485	PF11485.16	STK_08120-like	STK_08120-like	DUF3211	DUF3211	false	https://www.ebi.ac.uk/interpro/entry/pfam/PF11485/
PF11489	PF11489.14	Aim21	Altered inheritance of mitochondria protein 21	DUF3210	DUF3210	false	https://www.ebi.ac.uk/interpro/entry/pfam/PF11489/
PF11503	PF11503.14	YNR034W-A-like	YNR034W-A-like	DUF3215	DUF3215	false	https://www.ebi.ac.uk/interpro/entry/pfam/PF11503/
PF11533	PF11533.16	AtzH-like	AtzH-like	DUF3225	DUF3225	false	https://www.ebi.ac.uk/interpro/entry/pfam/PF11533/
PF11537	PF11537.14	NitrOD5	Nitrosopumilus output domain 5	DUF3227	DUF3227	false	https://www.ebi.ac.uk/interpro/entry/pfam/PF11537/
PF11557	PF11557.16	Omp_AT	Solitary outer membrane autotransporter beta-barrel domain	DUF3233	DUF3233	false	https://www.ebi.ac.uk/interpro/entry/pfam/PF11557/
PF11574	PF11574.14	Rpf1_C	Resuscitation-promoting factor Rpf1, C-terminal	DUF3235	DUF3235	false	https://www.ebi.ac.uk/interpro/entry/pfam/PF11574/
PF11576	PF11576.15	HcgB	FeGP cofactor biosynthesis protein HcgB, guanylyltransferase	DUF3236	DUF3236	false	https://www.ebi.ac.uk/interpro/entry/pfam/PF11576/
PF11615	PF11615.14	Caf4	CCR4-associated factor 4	DUF3249	DUF3249	false	https://www.ebi.ac.uk/interpro/entry/pfam/PF11615/
PF11618	PF11618.15	C2-C2_1	First C2 domain of RPGR-interacting protein 1	DUF3250	DUF3250	false	https://www.ebi.ac.uk/interpro/entry/pfam/PF11618/
PF11623	PF11623.15	NdhS	NAD(P)H dehydrogenase subunit S	DUF3252	DUF3252	false	https://www.ebi.ac.uk/interpro/entry/pfam/PF11623/
PF11630	PF11630.14	Anti-LPS-SCYG	Anti-lipopolysaccharide factor/Scygonadin	DUF3254	DUF3254	false	https://www.ebi.ac.uk/interpro/entry/pfam/PF11630/
PF11645	PF11645.15	PDDEXK_5	PD-(D/E)XK endonuclease	DUF3257	DUF3257	false	https://www.ebi.ac.uk/interpro/entry/pfam/PF11645/
PF11652	PF11652.14	FAM167	FAM167	DUF3259	DUF3259	false	https://www.ebi.ac.uk/interpro/entry/pfam/PF11652/
PF11654	PF11654.14	NCE101	Non-classical export protein 1	DUF2665	DUF2665	false	https://www.ebi.ac.uk/interpro/entry/pfam/PF11654/
PF11658	PF11658.15	CBP_BcsG	Cellulose biosynthesis protein BcsG C-terminal domain	DUF3260	DUF3260	false	https://www.ebi.ac.uk/interpro/entry/pfam/PF11658/
PF11678	PF11678.15	Tle3_C	Antibacterial effector protein Tle3, C-terminal domain	DUF3274	DUF3274	false	https://www.ebi.ac.uk/interpro/entry/pfam/PF11678/
PF11681	PF11681.14	Phage_Tube_PhiTE	Bacteriophage PhiTE tail tube protein	DUF3277	DUF3277;KPP10_Orf10	false	https://www.ebi.ac.uk/interpro/entry/pfam/PF11681/
PF11682	PF11682.15	Zn_ribbon_11	Probable zinc-ribbon	DUF3279	DUF3279;zinc_ribbon_11	false	https://www.ebi.ac.uk/interpro/entry/pfam/PF11682/
PF11726	PF11726.16	YagK_YfjJ_C	YagK/YfjJ C-terminal domain	DUF3296	DUF3296;Inovirus_Gp2	false	https://www.ebi.ac.uk/interpro/entry/pfam/PF11726/
PF11728	PF11728.14	ArAE_1_C	Putative aromatic acid exporter C-terminal domain	DUF939_C	DUF939_C	false	https://www.ebi.ac.uk/interpro/entry/pfam/PF11728/
PF11751	PF11751.15	PorP_SprF	Type IX secretion system membrane protein PorP/SprF	DUF3308	DUF3308	false	https://www.ebi.ac.uk/interpro/entry/pfam/PF11751/
PF11768	PF11768.15	Frtz	WD repeat-containing and planar cell polarity effector protein Fritz	DUF3312	DUF3312	false	https://www.ebi.ac.uk/interpro/entry/pfam/PF11768/
PF11776	PF11776.14	RcnB	Nickel/cobalt transporter regulator	DUF3315	DUF3315	false	https://www.ebi.ac.uk/interpro/entry/pfam/PF11776/
PF11779	PF11779.14	SPT_ssu-like	Small subunit of serine palmitoyltransferase-like	DUF3317	DUF3317	false	https://www.ebi.ac.uk/interpro/entry/pfam/PF11779/
PF11797	PF11797.15	WxLIP_HBD	WxL Interacting Protein, host binding domain	DUF3324	DUF3324	false	https://www.ebi.ac.uk/interpro/entry/pfam/PF11797/
PF11806	PF11806.15	Enterochelin_N	Enterochelin esterase, N-terminal	DUF3327	DUF3327	false	https://www.ebi.ac.uk/interpro/entry/pfam/PF11806/
PF11807	PF11807.14	UstYa	Mycotoxin biosynthesis protein UstYa	DUF3328	DUF3328	false	https://www.ebi.ac.uk/interpro/entry/pfam/PF11807/
PF11808	PF11808.14	PhoR	Phosphate regulon sensor protein PhoR	DUF3329	DUF3329	false	https://www.ebi.ac.uk/interpro/entry/pfam/PF11808/
PF11816	PF11816.14	Ubl_WDR48-Bun107	WDR48/Bun107, ubiquitin-like domain	DUF3337	DUF3337	false	https://www.ebi.ac.uk/interpro/entry/pfam/PF11816/
PF11819	PF11819.14	CUPID	Cytohesin Ubiquitin Protein Inducing Domain	DUF3338	DUF3338	false	https://www.ebi.ac.uk/interpro/entry/pfam/PF11819/
PF11821	PF11821.14	ActD	Alternative complex III, ActD subunit	DUF3341	DUF3341	false	https://www.ebi.ac.uk/interpro/entry/pfam/PF11821/
PF11822	PF11822.15	BTB_SANBR	SANT and BTB domain regulator of CSR, BTB domain	DUF3342	DUF3342;SANBR_BTB	false	https://www.ebi.ac.uk/interpro/entry/pfam/PF11822/
PF11823	PF11823.14	Se_S_carrier	Putative Se/S carrier protein-like	DUF3343	DUF3343	false	https://www.ebi.ac.uk/interpro/entry/pfam/PF11823/
PF11825	PF11825.14	Nuc_recep-AF1	Nuclear/hormone receptor activator site AF-1	DUF3345	DUF3345	false	https://www.ebi.ac.uk/interpro/entry/pfam/PF11825/
PF11826	PF11826.15	RctB_central	Vibrionales, replication initiator protein RctB, central region	DUF3346	DUF3346	false	https://www.ebi.ac.uk/interpro/entry/pfam/PF11826/
PF11831	PF11831.14	Myb_Cef	pre-mRNA splicing factor component	DUF3351	DUF3351	false	https://www.ebi.ac.uk/interpro/entry/pfam/PF11831/
PF11833	PF11833.14	CPP1-like	Protein CHAPERONE-LIKE PROTEIN OF POR1-like	DUF3353	DUF3353	false	https://www.ebi.ac.uk/interpro/entry/pfam/PF11833/
PF11834	PF11834.14	KHA	KHA, dimerisation domain of potassium ion channel	DUF3354	DUF3354	false	https://www.ebi.ac.uk/interpro/entry/pfam/PF11834/
PF11835	PF11835.15	RRM_8	RRM-like domain	DUF3355	DUF3355	false	https://www.ebi.ac.uk/interpro/entry/pfam/PF11835/
PF11836	PF11836.15	Phage_TAC_11	Phage tail tube protein, GTA-gp10	DUF3356	DUF3356	false	https://www.ebi.ac.uk/interpro/entry/pfam/PF11836/
PF11837	PF11837.14	INV_N	Beta-fructofuranosidase, N-terminal domain	DUF3357	DUF3357	false	https://www.ebi.ac.uk/interpro/entry/pfam/PF11837/
PF11838	PF11838.15	ERAP1_C	ERAP1-like C-terminal domain	DUF3358	DUF3358	false	https://www.ebi.ac.uk/interpro/entry/pfam/PF11838/
PF11839	PF11839.14	Alanine_zipper	Alanine-zipper, major outer membrane lipoprotein	DUF3359	DUF3359	false	https://www.ebi.ac.uk/interpro/entry/pfam/PF11839/
PF11841	PF11841.15	ELMO_ARM	ELMO, armadillo-like helical domain	DUF3361	DUF3361	false	https://www.ebi.ac.uk/interpro/entry/pfam/PF11841/
PF11845	PF11845.14	Tll0287-like	Tll0287	DUF3365	DUF3365	false	https://www.ebi.ac.uk/interpro/entry/pfam/PF11845/
PF11846	PF11846.15	Wzy_C_2	Virulence factor membrane-bound polymerase, C-terminal	DUF3366	DUF3366	false	https://www.ebi.ac.uk/interpro/entry/pfam/PF11846/
PF11847	PF11847.14	GT-C_AftD	Alpha-(1->3)-arabinofuranosyltransferase, N-terminal GT-C domain	DUF3367	DUF3367	false	https://www.ebi.ac.uk/interpro/entry/pfam/PF11847/
PF11852	PF11852.15	Pullul_strch_C	Alpha-1,6-glucosidases, pullulanase-type, C-terminal	DUF3372	DUF3372	false	https://www.ebi.ac.uk/interpro/entry/pfam/PF11852/
PF11854	PF11854.15	MtrB_PioB	Putative outer membrane beta-barrel porin, MtrB/PioB	DUF3374	DUF3374	false	https://www.ebi.ac.uk/interpro/entry/pfam/PF11854/
PF11860	PF11860.14	Muramidase	N-acetylmuramidase	DUF3380	DUF3380;Muraidase	false	https://www.ebi.ac.uk/interpro/entry/pfam/PF11860/
PF11863	PF11863.15	E217_gp31_N	E217 tail sheath protein gp31-like, N-terminal domain	DUF3383	DUF3383	false	https://www.ebi.ac.uk/interpro/entry/pfam/PF11863/
PF11865	PF11865.15	mTOR_dom	Serine/threonine-protein kinase mTOR domain	DUF3385	DUF3385	false	https://www.ebi.ac.uk/interpro/entry/pfam/PF11865/
PF11867	PF11867.14	T1RH-like_C	Type I restriction enzyme HindI endonuclease subunit-like, C-terminal	DUF3387	DUF3387	false	https://www.ebi.ac.uk/interpro/entry/pfam/PF11867/
PF11870	PF11870.14	LutB_C	Lactate utilisation protein B, C-terminal	DUF3390	DUF3390	false	https://www.ebi.ac.uk/interpro/entry/pfam/PF11870/
PF11873	PF11873.14	Mltc_N	Membrane-bound lytic murein transglycosylase C, N-terminal domain	DUF3393	DUF3393	false	https://www.ebi.ac.uk/interpro/entry/pfam/PF11873/
PF11875	PF11875.15	DnaJ-like_C11_C	DnaJ-like protein C11, C-terminal	DUF3395	DUF3395	false	https://www.ebi.ac.uk/interpro/entry/pfam/PF11875/
PF11876	PF11876.14	TsiV	Type VI immunity for VRR-NUC	DUF3396	DUF3396	false	https://www.ebi.ac.uk/interpro/entry/pfam/PF11876/
PF11878	PF11878.14	DOCK_C-D_N	Dedicator of cytokinesis C/D, N terminal	DUF3398	DUF3398	false	https://www.ebi.ac.uk/interpro/entry/pfam/PF11878/
PF11881	PF11881.14	SPAR_C	C-terminal domain of SPAR protein	DUF3401	DUF3401	false	https://www.ebi.ac.uk/interpro/entry/pfam/PF11881/
PF11886	PF11886.14	TOC159_MAD	Translocase of chloroplast 159/132, membrane anchor domain	DUF3406	DUF3406	false	https://www.ebi.ac.uk/interpro/entry/pfam/PF11886/
PF11887	PF11887.14	Mce4_CUP1	Cholesterol uptake porter CUP1 of Mce4, putative	DUF3407	DUF3407	false	https://www.ebi.ac.uk/interpro/entry/pfam/PF11887/
PF11889	PF11889.14	Capsid_pestivir	Capsid protein C, pestivirus	DUF3409	DUF3409	false	https://www.ebi.ac.uk/interpro/entry/pfam/PF11889/
PF11891	PF11891.14	RETICULATA-like	Protein RETICULATA-related	DUF3411	DUF3411	false	https://www.ebi.ac.uk/interpro/entry/pfam/PF11891/
PF11892	PF11892.14	PpnN_C	Pyrimidine/purine nucleotide monophosphate nucleosidase, C-terminal	DUF3412	DUF3412	false	https://www.ebi.ac.uk/interpro/entry/pfam/PF11892/
PF11894	PF11894.15	Nup192	Nuclear pore complex scaffold, nucleoporins 186/192/205	DUF3414	DUF3414	false	https://www.ebi.ac.uk/interpro/entry/pfam/PF11894/
PF11895	PF11895.14	Peroxidase_ext	Fungal peroxidase extension region	DUF3415	DUF3415	false	https://www.ebi.ac.uk/interpro/entry/pfam/PF11895/
PF11896	PF11896.15	GlgE_dom_N_S	Alpha-1,4-glucan:maltose-1-phosphate maltosyltransferase, domain N/S	DUF3416	DUF3416	false	https://www.ebi.ac.uk/interpro/entry/pfam/PF11896/
PF11901	PF11901.14	DM9	DM9 repeat	DUF3421	DUF3421	false	https://www.ebi.ac.uk/interpro/entry/pfam/PF11901/
PF11903	PF11903.15	ParD_like	ParD-like antitoxin of type II bacterial toxin-antitoxin system	DUF3423	DUF3423	false	https://www.ebi.ac.uk/interpro/entry/pfam/PF11903/
PF11904	PF11904.14	ANKRD13_C	ANKRD13 C-terminal	DUF3424	DUF3424;GPCR_chapero_1	false	https://www.ebi.ac.uk/interpro/entry/pfam/PF11904/
PF11912	PF11912.14	CfaA_B_C	Counting factor-associated protein A/B/C	DUF3430	DUF3430	false	https://www.ebi.ac.uk/interpro/entry/pfam/PF11912/
PF11916	PF11916.14	Vac14_Fig4_bd	Vacuolar protein 14 C-terminal Fig4p binding	DUF3434	DUF3434	false	https://www.ebi.ac.uk/interpro/entry/pfam/PF11916/
PF11918	PF11918.14	Peptidase_S41_N	N-terminal domain of Peptidase_S41 in eukaryotic IRBP	DUF3436	DUF3436	false	https://www.ebi.ac.uk/interpro/entry/pfam/PF11918/
PF11919	PF11919.14	PSME4_C	Proteasome activator complex subunit 4-like, C-terminal	DUF3437	DUF3437	false	https://www.ebi.ac.uk/interpro/entry/pfam/PF11919/
PF11923	PF11923.14	NFACT-C	NFACT protein C-terminal domain	DUF3441	DUF3441	false	https://www.ebi.ac.uk/interpro/entry/pfam/PF11923/
PF11924	PF11924.15	IAT_beta	Inverse autotransporter, beta-domain	DUF3442	DUF3442;Invasin_beta	false	https://www.ebi.ac.uk/interpro/entry/pfam/PF11924/
PF11927	PF11927.15	HODM_asu-like	Haem-dependent oxidative N-demethylase, alpha subunit-like	DUF3445	DUF3445	false	https://www.ebi.ac.uk/interpro/entry/pfam/PF11927/
PF11931	PF11931.15	SF3a60_Prp9_C	SF3a60/Prp9 C-terminal	DUF3449	DUF3449	false	https://www.ebi.ac.uk/interpro/entry/pfam/PF11931/
PF11933	PF11933.14	Na_trans_cytopl	Cytoplasmic domain of voltage-gated Na+ ion channel	DUF3451	DUF3451	false	https://www.ebi.ac.uk/interpro/entry/pfam/PF11933/
PF11935	PF11935.15	SYMPK_PTA1_N	Symplekin/PTA1 N-terminal	DUF3453	DUF3453	false	https://www.ebi.ac.uk/interpro/entry/pfam/PF11935/
PF11939	PF11939.14	NiFe-hyd_HybE	[NiFe]-hydrogenase assembly, chaperone, HybE	DUF3457	DUF3457	false	https://www.ebi.ac.uk/interpro/entry/pfam/PF11939/
PF11945	PF11945.14	WASH_WAHD	WAHD domain of WASH complex	DUF3462	DUF3462	false	https://www.ebi.ac.uk/interpro/entry/pfam/PF11945/
PF11951	PF11951.14	Fungal_trans_2	Fungal specific transcription factor domain	DUF3468	DUF3468	false	https://www.ebi.ac.uk/interpro/entry/pfam/PF11951/
PF11952	PF11952.14	XTBD	XRN-Two Binding Domain, XTBD	DUF3469	DUF3469	false	https://www.ebi.ac.uk/interpro/entry/pfam/PF11952/
PF11958	PF11958.16	BPSS1860	Surface attachment protein BPSS1860	DUF3472	DUF3472	false	https://www.ebi.ac.uk/interpro/entry/pfam/PF11958/
PF11962	PF11962.14	Peptidase_G2	Peptidase_G2, IMC autoproteolytic cleavage domain	DUF3476	DUF3476	false	https://www.ebi.ac.uk/interpro/entry/pfam/PF11962/
PF11963	PF11963.14	B-CoV_A_NSP1	Betacoronavirus, lineage A, NSP1	DUF3477	DUF3477	false	https://www.ebi.ac.uk/interpro/entry/pfam/PF11963/
PF11964	PF11964.14	SpoIIAA-like	SpoIIAA-like	DUF3478	DUF3478	false	https://www.ebi.ac.uk/interpro/entry/pfam/PF11964/
PF11968	PF11968.15	Bmt2	25S rRNA (adenine(2142)-N(1))-methyltransferase, Bmt2	DUF3321	DUF3321	false	https://www.ebi.ac.uk/interpro/entry/pfam/PF11968/
PF11979	PF11979.14	SARA_C	Smad anchor for receptor activation-like, C-terminal	DUF3480	DUF3480	false	https://www.ebi.ac.uk/interpro/entry/pfam/PF11979/
PF11983	PF11983.14	FtsA_C	Cell division protein FtsA, C-terminal	DUF3484	DUF3484	false	https://www.ebi.ac.uk/interpro/entry/pfam/PF11983/
PF11984	PF11984.14	EpsI	Methanolan biosynthesis EpsI	DUF3485	DUF3485	false	https://www.ebi.ac.uk/interpro/entry/pfam/PF11984/
PF11985	PF11985.14	Phage_Mu_Gp27	Bacteriophage Mu, Gp27	DUF3486	DUF3486	false	https://www.ebi.ac.uk/interpro/entry/pfam/PF11985/
PF11992	PF11992.14	TgpA_N	TgpA N-terminal domain	DUF3488	DUF3488	false	https://www.ebi.ac.uk/interpro/entry/pfam/PF11992/
PF11996	PF11996.15	Lymphostatin_delI	Lymphostatin, delivery I domain	DUF3491	DUF3491	false	https://www.ebi.ac.uk/interpro/entry/pfam/PF11996/
PF11999	PF11999.14	Ice_binding	Ice-binding-like	DUF3494	DUF3494	false	https://www.ebi.ac.uk/interpro/entry/pfam/PF11999/
PF12000	PF12000.15	Glyco_trans_4_3	Glycosyl transferase family 4 group	DUF3495	DUF3495	false	https://www.ebi.ac.uk/interpro/entry/pfam/PF12000/
PF12004	PF12004.14	DAB2P_C	Disabled homolog 2-interacting protein, C-terminal domain	DUF3498	DUF3498	false	https://www.ebi.ac.uk/interpro/entry/pfam/PF12004/
PF12011	PF12011.14	NPH-II	RNA helicase NPH-II	DUF3503	DUF3503	false	https://www.ebi.ac.uk/interpro/entry/pfam/PF12011/
PF12013	PF12013.14	OrsD	Orsellinic acid/F9775 biosynthesis cluster protein D	DUF3505	DUF3505	false	https://www.ebi.ac.uk/interpro/entry/pfam/PF12013/
PF12014	PF12014.14	Cyclin_D1_bind	Cyclin D1 binding domain	DUF3506	DUF3506	false	https://www.ebi.ac.uk/interpro/entry/pfam/PF12014/
PF12015	PF12015.14	Bud3_N	Bud3, N-terminal	DUF3507	DUF3507	false	https://www.ebi.ac.uk/interpro/entry/pfam/PF12015/
PF12018	PF12018.14	FAP206	Domain of unknown function	DUF3508	DUF3508	false	https://www.ebi.ac.uk/interpro/entry/pfam/PF12018/
PF12022	PF12022.15	COG2_C	COG complex component, COG2, C-terminal	DUF3510	DUF3510	false	https://www.ebi.ac.uk/interpro/entry/pfam/PF12022/
PF12026	PF12026.15	CAS_C	Crk-Associated Substrate C-terminal domain	DUF3513	DUF3513	false	https://www.ebi.ac.uk/interpro/entry/pfam/PF12026/
PF12031	PF12031.15	BAF250_C	SWI/SNF-like complex subunit BAF250/Osa	DUF3518	DUF3518	false	https://www.ebi.ac.uk/interpro/entry/pfam/PF12031/
PF12034	PF12034.14	YfbK_C	Uncharacterized protein YfbK, C-terminal	DUF3520	DUF3520	false	https://www.ebi.ac.uk/interpro/entry/pfam/PF12034/
PF12037	PF12037.14	ATAD3_N	ATPase family AAA domain-containing protein 3, N-terminal	DUF3523	DUF3523	false	https://www.ebi.ac.uk/interpro/entry/pfam/PF12037/
PF12038	PF12038.14	QTMAN_N	tRNA-queuosine alpha-mannosyltransferase N-terminal	DUF3524	DUF3524	false	https://www.ebi.ac.uk/interpro/entry/pfam/PF12038/
PF12046	PF12046.14	CCB1	Cofactor assembly of complex C subunit B	DUF3529	DUF3529	false	https://www.ebi.ac.uk/interpro/entry/pfam/PF12046/
PF12053	PF12053.15	Par3_HAL_N_term	N-terminal of Par3 and HAL proteins	DUF3534	DUF3534	false	https://www.ebi.ac.uk/interpro/entry/pfam/PF12053/
PF12057	PF12057.14	BAG6	BCL2-associated athanogene 6	DUF3538	DUF3538	false	https://www.ebi.ac.uk/interpro/entry/pfam/PF12057/
PF12058	PF12058.14	PipX	PII-interacting protein X	DUF3539	DUF3539	false	https://www.ebi.ac.uk/interpro/entry/pfam/PF12058/
PF12061	PF12061.14	NB-LRR	Late blight resistance protein R1	DUF3542	DUF3542	false	https://www.ebi.ac.uk/interpro/entry/pfam/PF12061/
PF12063	PF12063.15	ATG1-like_MIT1	Atg1-like, MIT domain 1	DUF3543	DUF3543	false	https://www.ebi.ac.uk/interpro/entry/pfam/PF12063/
PF12066	PF12066.14	SERRATE_Ars2_N	SERRATE/Ars2, N-terminal domain	DUF3546	DUF3546	false	https://www.ebi.ac.uk/interpro/entry/pfam/PF12066/
PF12067	PF12067.14	Sox17_18_mid	Sox 17/18 central domain	DUF3547	DUF3547;Sox_C_TAD	false	https://www.ebi.ac.uk/interpro/entry/pfam/PF12067/
PF12068	PF12068.15	PH_RBD	Rab-binding domain (RBD)	DUF3548	DUF3548	false	https://www.ebi.ac.uk/interpro/entry/pfam/PF12068/
PF12070	PF12070.14	SCAI	Protein SCAI	DUF3550	DUF3550	false	https://www.ebi.ac.uk/interpro/entry/pfam/PF12070/
PF12072	PF12072.14	RNase_Y_N	RNase Y N-terminal region	DUF3552	DUF3552	false	https://www.ebi.ac.uk/interpro/entry/pfam/PF12072/
PF12074	PF12074.14	Gcn1_N	Generalcontrol nonderepressible 1 (Gcn1) N-terminal	DUF3554	DUF3554	false	https://www.ebi.ac.uk/interpro/entry/pfam/PF12074/
PF12095	PF12095.14	CRR7	Protein CHLORORESPIRATORY REDUCTION 7	DUF3571	DUF3571	false	https://www.ebi.ac.uk/interpro/entry/pfam/PF12095/
PF12102	PF12102.14	MrcB_N	MrcB-like, N-terminal domain	DUF3578	DUF3578	false	https://www.ebi.ac.uk/interpro/entry/pfam/PF12102/
PF12117	PF12117.13	NS1_C	Parvovirus non-structural protein 1, C-terminal	DUF_B2046;DUF3580	DUF_B2046;DUF3580	false	https://www.ebi.ac.uk/interpro/entry/pfam/PF12117/
PF12122	PF12122.14	Rhomboid_N	Cytoplasmic N-terminal domain of rhomboid serine protease	DUF3582	DUF3582	false	https://www.ebi.ac.uk/interpro/entry/pfam/PF12122/
PF12126	PF12126.14	PML_CC	PML-like, coiled-coil	DUF3583	DUF3583	false	https://www.ebi.ac.uk/interpro/entry/pfam/PF12126/
PF12130	PF12130.14	bMERB_dom	Bivalent Mical/EHBP Rab binding domain	DUF3585	DUF3585	false	https://www.ebi.ac.uk/interpro/entry/pfam/PF12130/
PF12140	PF12140.14	SLED	SLED domain	DUF3588	DUF3588	false	https://www.ebi.ac.uk/interpro/entry/pfam/PF12140/
PF12141	PF12141.14	BMT	Beta-mannosyltransferases	DUF3589	DUF3589	false	https://www.ebi.ac.uk/interpro/entry/pfam/PF12141/
PF12148	PF12148.15	TTD	Tandem tudor domain within UHRF1	DUF3590	DUF3590	false	https://www.ebi.ac.uk/interpro/entry/pfam/PF12148/
PF12165	PF12165.14	Alfin	Alfin	DUF3594	DUF3594	false	https://www.ebi.ac.uk/interpro/entry/pfam/PF12165/
PF12166	PF12166.15	Piezo_cap	Piezo non-specific cation channel, cap domain	DUF3595	DUF3595;Piezo_RRas_bdg	false	https://www.ebi.ac.uk/interpro/entry/pfam/PF12166/
PF12167	PF12167.15	Arm-DNA-bind_2	Arm DNA-binding domain	DUF3596	DUF3596	false	https://www.ebi.ac.uk/interpro/entry/pfam/PF12167/
PF12172	PF12172.15	zf-ChsH2	ChsH2, rubredoxin-like zinc ribbon domain	DUF35_N	DUF35_N	false	https://www.ebi.ac.uk/interpro/entry/pfam/PF12172/
PF12204	PF12204.15	DUF3598_N	Domain of unknown function (DUF3598), N-terminal	DUF3598	DUF3598	true	https://www.ebi.ac.uk/interpro/entry/pfam/PF12204/
PF12245	PF12245.15	Big_3_2	Bacterial Ig-like domain	DUF3607	DUF3607	false	https://www.ebi.ac.uk/interpro/entry/pfam/PF12245/
PF12257	PF12257.15	vWA_IML1	Vacuolar membrane-associated protein Iml1, vWA-like domain	DUF3608	DUF3608;IML1	false	https://www.ebi.ac.uk/interpro/entry/pfam/PF12257/
PF12259	PF12259.14	Baculo_F	Baculovirus F protein	DUF3609	DUF3609	false	https://www.ebi.ac.uk/interpro/entry/pfam/PF12259/
PF12281	PF12281.15	NTP_transf_8	Nucleotidyltransferase	DUF3620	DUF3620	false	https://www.ebi.ac.uk/interpro/entry/pfam/PF12281/
PF12285	PF12285.13	Astrovir_pp_1	Astroviridae polyprotein 1	DUF3621	DUF3621	false	https://www.ebi.ac.uk/interpro/entry/pfam/PF12285/
PF12293	PF12293.14	T4BSS_DotH_IcmK	Putative outer membrane core complex of type IVb secretion	DUF3625	DUF3625	false	https://www.ebi.ac.uk/interpro/entry/pfam/PF12293/
PF12300	PF12300.14	RhlB	ATP-dependent RNA helicase RhlB	DUF3628	DUF3628	false	https://www.ebi.ac.uk/interpro/entry/pfam/PF12300/
PF12315	PF12315.15	DA1-like	Protein DA1	DUF3633	DUF3633	false	https://www.ebi.ac.uk/interpro/entry/pfam/PF12315/
PF12330	PF12330.15	Haspin_kinase	Haspin like kinase domain	DUF3635	DUF3635	false	https://www.ebi.ac.uk/interpro/entry/pfam/PF12330/
PF12331	PF12331.15	Rad26-like_helical_rpts	Rad26-like, helical repeats	DUF3636	DUF3636	false	https://www.ebi.ac.uk/interpro/entry/pfam/PF12331/
PF12341	PF12341.15	Mcl1_mid	Minichromosome loss protein, Mcl1, middle region	DUF3639	DUF3639	false	https://www.ebi.ac.uk/interpro/entry/pfam/PF12341/
PF12356	PF12356.14	BIRC6	Baculoviral IAP repeat-containing protein 6	DUF3643	DUF3643	false	https://www.ebi.ac.uk/interpro/entry/pfam/PF12356/
PF12363	PF12363.15	Phage_TAC_12	Phage tail assembly chaperone protein, TAC	DUF3647	DUF3647	false	https://www.ebi.ac.uk/interpro/entry/pfam/PF12363/
PF12368	PF12368.14	Rhodanese_C	Rhodanase C-terminal	DUF3650	DUF3650	false	https://www.ebi.ac.uk/interpro/entry/pfam/PF12368/
PF12371	PF12371.15	TMEM131_like_N	Transmembrane protein 131-like N-terminal	DUF3651	DUF3651;TMEM131_like	false	https://www.ebi.ac.uk/interpro/entry/pfam/PF12371/
PF12372	PF12372.15	Htt_N-HEAT	Huntingtin, N-terminal HEAT	DUF3652	DUF3652	false	https://www.ebi.ac.uk/interpro/entry/pfam/PF12372/
PF12379	PF12379.14	bCoV_NSP3_N	Betacoronavirus replicase NSP3, N-terminal	DUF3655	DUF3655;Corona_NSP3a	false	https://www.ebi.ac.uk/interpro/entry/pfam/PF12379/
PF12400	PF12400.14	STIMATE	STIMATE family	DUF3661	DUF3661	false	https://www.ebi.ac.uk/interpro/entry/pfam/PF12400/
PF12401	PF12401.14	FhaA_N	FhaA, N-terminal domain	DUF3662	DUF3662	false	https://www.ebi.ac.uk/interpro/entry/pfam/PF12401/
PF12421	PF12421.16	Ig_GpJ_C	Tip attachment protein J, C-terminal receptor binding domain	DUF3672	DUF3672;GpJ_C	false	https://www.ebi.ac.uk/interpro/entry/pfam/PF12421/
PF12432	PF12432.15	INTS1_RP2B-bd	Integrator complex subunit 1, RP2B-binding domain	DUF3677	DUF3677	false	https://www.ebi.ac.uk/interpro/entry/pfam/PF12432/
PF12441	PF12441.15	CopG_antitoxin	CopG antitoxin of type II toxin-antitoxin system	DUF3680	DUF3680	false	https://www.ebi.ac.uk/interpro/entry/pfam/PF12441/
PF12459	PF12459.13	DltX	D-Ala-teichoic acid biosynthesis protein	DUF3687	DUF3687	false	https://www.ebi.ac.uk/interpro/entry/pfam/PF12459/
PF12469	PF12469.14	Cmr2_N	CRISPR-associated protein Cmr2, N-terminal	DUF3692	DUF3692	false	https://www.ebi.ac.uk/interpro/entry/pfam/PF12469/
PF12478	PF12478.14	UBAP2-Lig	UBAP2/protein lingerer	DUF3697	DUF3697	false	https://www.ebi.ac.uk/interpro/entry/pfam/PF12478/
PF12480	PF12480.14	GARIL_Rab2_bd	Golgi associated RAB2 interactor protein-like, Rab2B-binding domain	DUF3699	DUF3699	false	https://www.ebi.ac.uk/interpro/entry/pfam/PF12480/
PF12486	PF12486.14	VasL	Type VI secretion system, EvfB, or VasL	DUF3702	DUF3702	false	https://www.ebi.ac.uk/interpro/entry/pfam/PF12486/
PF12500	PF12500.14	TRSP	TRSP domain C terminus to PRTase_2	DUF3706	DUF3706	false	https://www.ebi.ac.uk/interpro/entry/pfam/PF12500/
PF12508	PF12508.15	Transposon_TraM	Conjugative transposon, TraM	DUF3714	DUF3714	false	https://www.ebi.ac.uk/interpro/entry/pfam/PF12508/
PF12519	PF12519.15	MDM10	Mitochondrial distribution and morphology protein 10	DUF3722	DUF3722	false	https://www.ebi.ac.uk/interpro/entry/pfam/PF12519/
PF12528	PF12528.14	T2SSppdC	Type II secretion prepilin peptidase dependent protein C	DUF3728	DUF3728;T2SC;T2SSC	false	https://www.ebi.ac.uk/interpro/entry/pfam/PF12528/
PF12532	PF12532.14	LmuB_C	LmuB C-terminal	DUF3732	DUF3732	false	https://www.ebi.ac.uk/interpro/entry/pfam/PF12532/
PF12534	PF12534.14	Pannexin_like	Pannexin-like TM region of LRRC8	DUF3733	DUF3733	false	https://www.ebi.ac.uk/interpro/entry/pfam/PF12534/
PF12537	PF12537.14	GPHR_N	The Golgi pH Regulator (GPHR) Family N-terminal	DUF3735	DUF3735	false	https://www.ebi.ac.uk/interpro/entry/pfam/PF12537/
PF12554	PF12554.14	MOZART1	Mitotic-spindle organizing gamma-tubulin ring associated	DUF3743	DUF3743	false	https://www.ebi.ac.uk/interpro/entry/pfam/PF12554/
PF12560	PF12560.14	RAG1_imp_bd	RAG1 importin binding	DUF3745	DUF3745	false	https://www.ebi.ac.uk/interpro/entry/pfam/PF12560/
PF12562	PF12562.14	Pox_I6_C	Poxvirus telomere-binding protein I6, C-terminal domain	DUF3746	DUF3746	false	https://www.ebi.ac.uk/interpro/entry/pfam/PF12562/
PF12568	PF12568.15	PanZ	Acetyltransferase (GNAT) domain, PanZ	DUF3749	DUF3749	false	https://www.ebi.ac.uk/interpro/entry/pfam/PF12568/
PF12571	PF12571.14	Phage_tail_fib	Phage tail-collar fibre protein, N-terminal	DUF3751	DUF3751	false	https://www.ebi.ac.uk/interpro/entry/pfam/PF12571/
PF12575	PF12575.14	Pox_EPC_I2-L1	Poxvirus entry protein complex L1 and I2	DUF3753	DUF3753	false	https://www.ebi.ac.uk/interpro/entry/pfam/PF12575/
PF12584	PF12584.14	TRAPPC10_C	TRAPPC10 C-terminal domain	DUF3758	DUF3758;TRAPPC10	false	https://www.ebi.ac.uk/interpro/entry/pfam/PF12584/
PF12592	PF12592.14	ATPase_RavA_C	ATPase, RavA, C-terminal	DUF3763	DUF3763	false	https://www.ebi.ac.uk/interpro/entry/pfam/PF12592/
PF12597	PF12597.14	Cox20	Cytochrome c oxidase assembly protein COX20	DUF3767	DUF3767	false	https://www.ebi.ac.uk/interpro/entry/pfam/PF12597/
PF12599	PF12599.14	DUF3768	Protein of unknown function (DUF3768)	DUF3768	DUF3768;TBX2-3_TAD	true	https://www.ebi.ac.uk/interpro/entry/pfam/PF12599/
PF12603	PF12603.15	L_PA-C-like	RNA-directed RNA polymerase L, PA-C-like domain	DUF3770	DUF3770	false	https://www.ebi.ac.uk/interpro/entry/pfam/PF12603/
PF12608	PF12608.15	T4bSS_IcmS	Type IVb secretion, IcmS, effector-recruitment	DUF3773	DUF3773	false	https://www.ebi.ac.uk/interpro/entry/pfam/PF12608/
PF12611	PF12611.14	Flagellar_put	Putative flagellar	DUF3766	DUF3766	false	https://www.ebi.ac.uk/interpro/entry/pfam/PF12611/
PF12618	PF12618.14	PHF20_AT-hook	PHD finger protein 20, AT-hook	DUF3776	DUF3776	false	https://www.ebi.ac.uk/interpro/entry/pfam/PF12618/
PF12621	PF12621.14	PHM7_ext	Extracellular tail, of 10TM putative phosphate transporter	DUF3779	DUF3779	false	https://www.ebi.ac.uk/interpro/entry/pfam/PF12621/
PF12640	PF12640.13	FlmR_OhkR_N	Peptide arginase FlmR/OhkR-like, N-terminal domain	UPF0489	UPF0489	false	https://www.ebi.ac.uk/interpro/entry/pfam/PF12640/
PF12655	PF12655.14	CDIF630_02480-like	Spore surface protein CDIF630_02480	DUF3787	DUF3787;SSP_CDIF630_02480	false	https://www.ebi.ac.uk/interpro/entry/pfam/PF12655/
PF12673	PF12673.13	SipL	SipL, SPOCS domain	DUF3794	DUF3794	false	https://www.ebi.ac.uk/interpro/entry/pfam/PF12673/
PF12702	PF12702.14	Lipocalin_3	Lipocalin-like	DUF3803	DUF3803	false	https://www.ebi.ac.uk/interpro/entry/pfam/PF12702/
PF12757	PF12757.13	Eisosome1	Eisosome protein 1	DUF3812	DUF3812	false	https://www.ebi.ac.uk/interpro/entry/pfam/PF12757/
PF12769	PF12769.13	PNTB_4TM	4TM region of pyridine nucleotide transhydrogenase, mitoch	DUF3814	DUF3814	false	https://www.ebi.ac.uk/interpro/entry/pfam/PF12769/
PF12821	PF12821.14	ThrE_2	Threonine/Serine exporter, ThrE	DUF3815	DUF3815	false	https://www.ebi.ac.uk/interpro/entry/pfam/PF12821/
PF12822	PF12822.13	ECF_trnsprt	ECF transporter, substrate-specific component	DUF3816	DUF3816	false	https://www.ebi.ac.uk/interpro/entry/pfam/PF12822/
PF12843	PF12843.13	QSregVF_b	Putative quorum-sensing-regulated virulence factor	DUF3820	DUF3820	false	https://www.ebi.ac.uk/interpro/entry/pfam/PF12843/
PF12870	PF12870.14	DUF4878	Domain of unknown function (DUF4878)	DUFDUF4878	Lumazine_bd;DUFDUF4878	true	https://www.ebi.ac.uk/interpro/entry/pfam/PF12870/
PF12877	PF12877.14	KIAA1549	UPF0606 protein KIAA1549 alpha/beta domain 2	DUF3827	DUF3827	false	https://www.ebi.ac.uk/interpro/entry/pfam/PF12877/
PF12941	PF12941.13	HCV_NS5a_C	HCV NS5a protein C-terminal region	DUF3838	DUF3838	false	https://www.ebi.ac.uk/interpro/entry/pfam/PF12941/
PF12944	PF12944.14	HAV_VP	Hepatitis A virus viral protein VP	DUF3840	DUF3840	false	https://www.ebi.ac.uk/interpro/entry/pfam/PF12944/
PF12955	PF12955.14	Vps3844_C	Vacuolar sorting protein Vps3844, C-terminal domain	DUF3844	DUF3844	false	https://www.ebi.ac.uk/interpro/entry/pfam/PF12955/
PF12988	PF12988.14	TraQ_transposon	TraQ conjugal transfer protein	DUF3872	DUF3872	false	https://www.ebi.ac.uk/interpro/entry/pfam/PF12988/
PF12996	PF12996.15	YkvP_N	Spore protein YkvP, N-terminal domain	DUF3880	DUF3880	false	https://www.ebi.ac.uk/interpro/entry/pfam/PF12996/
PF13020	PF13020.13	NOV_C	Protein NO VEIN, C-terminal	DUF3883	DUF3883	false	https://www.ebi.ac.uk/interpro/entry/pfam/PF13020/
PF13032	PF13032.12	RNaseH_pPIWI_RE	RNaseH domain of pPIWI_RE	DUF3893	DUF3893	false	https://www.ebi.ac.uk/interpro/entry/pfam/PF13032/
PF13036	PF13036.12	LpoB	Peptidoglycan-synthase activator LpoB	DUF3897	DUF3897	false	https://www.ebi.ac.uk/interpro/entry/pfam/PF13036/
PF13040	PF13040.12	Fur_reg_FbpB	Fur-regulated basic protein B	DUF3901	DUF3901	false	https://www.ebi.ac.uk/interpro/entry/pfam/PF13040/
PF13044	PF13044.12	Fusion_F0	Fusion glycoprotein F0, Isavirus	DUF3904	DUF3904	false	https://www.ebi.ac.uk/interpro/entry/pfam/PF13044/
PF13072	PF13072.12	MciZ	Mother cell inhibitor of FtsZ	DUF3936	DUF3936	false	https://www.ebi.ac.uk/interpro/entry/pfam/PF13072/
PF13076	PF13076.12	Fur_reg_FbpA	Fur-regulated basic protein A	DUF3940	DUF3940	false	https://www.ebi.ac.uk/interpro/entry/pfam/PF13076/
PF13102	PF13102.13	Phage_int_SAM_5	Phage integrase SAM-like domain	DUF3946	DUF3946	false	https://www.ebi.ac.uk/interpro/entry/pfam/PF13102/
PF13111	PF13111.12	pPIWI_RE_X	pPIWI_RE module N-terminal domain	DUF3962	DUF3962	false	https://www.ebi.ac.uk/interpro/entry/pfam/PF13111/
PF13116	PF13116.12	YhdP	YhdP protein	DUF3971	DUF3971	false	https://www.ebi.ac.uk/interpro/entry/pfam/PF13116/
PF13149	PF13149.13	Mfa_like_1	Fimbrillin-like	DUF3988	DUF3988	false	https://www.ebi.ac.uk/interpro/entry/pfam/PF13149/
PF13150	PF13150.12	TraL_transposon	Conjugative transposon protein TraL	DUF3989	DUF3989	false	https://www.ebi.ac.uk/interpro/entry/pfam/PF13150/
PF13157	PF13157.12	Enas	Endospore appendages	DUF3992	DUF3992	false	https://www.ebi.ac.uk/interpro/entry/pfam/PF13157/
PF13164	PF13164.12	Diedel	Diedel	DUF4002	DUF4002	false	https://www.ebi.ac.uk/interpro/entry/pfam/PF13164/
PF13165	PF13165.12	SCIFF	Six-cysteine peptide SCIFF	DUF4001	DUF4001	false	https://www.ebi.ac.uk/interpro/entry/pfam/PF13165/
PF13186	PF13186.12	SPASM	Iron-sulfur cluster-binding domain	DUF4008	DUF4008	false	https://www.ebi.ac.uk/interpro/entry/pfam/PF13186/
PF13193	PF13193.13	AMP-binding_C	AMP-binding enzyme C-terminal domain	DUF4009	DUF4009	false	https://www.ebi.ac.uk/interpro/entry/pfam/PF13193/
PF13204	PF13204.14	Apiosidase	Apiosidase-like, catalytic domain	DUF4038	Hydrolase_6;DUF4038	false	https://www.ebi.ac.uk/interpro/entry/pfam/PF13204/
PF13208	PF13208.12	TerB_N	TerB N-terminal domain	DUF4016	DUF4016;TerB-N	false	https://www.ebi.ac.uk/interpro/entry/pfam/PF13208/
PF13218	PF13218.13	DUF4026_N	Protein of unknown function (DUF4026) N-terminal	DUF4026	DUF4026	true	https://www.ebi.ac.uk/interpro/entry/pfam/PF13218/
PF13225	PF13225.12	D27-like_C	Beta-carotene isomerase D27-like, C-terminal	DUF4033	DUF4033	false	https://www.ebi.ac.uk/interpro/entry/pfam/PF13225/
PF13244	PF13244.12	MbhD	MBH, subunit D	DUF4040	DUF4040	false	https://www.ebi.ac.uk/interpro/entry/pfam/PF13244/
PF13250	PF13250.12	SNIPE	SNIPE associated domain	DUF4041	DUF4041	false	https://www.ebi.ac.uk/interpro/entry/pfam/PF13250/
PF13252	PF13252.13	Phage_capsid_3	Phage capsid protein	DUF4043	DUF4043	false	https://www.ebi.ac.uk/interpro/entry/pfam/PF13252/
PF13259	PF13259.12	clamp_Gag1-like	Gag1-like, clamp domain	DUF4050	DUF4050	false	https://www.ebi.ac.uk/interpro/entry/pfam/PF13259/
PF13262	PF13262.12	E217_gp27	E217 head-to-tail connector protein gp27-like	DUF4054	DUF4054	false	https://www.ebi.ac.uk/interpro/entry/pfam/PF13262/
PF13270	PF13270.12	CCDC28	Coiled-coil domain-containing protein 28	DUF4061	DUF4061	false	https://www.ebi.ac.uk/interpro/entry/pfam/PF13270/
PF13272	PF13272.13	Holin_2-3	Putative 2/3 transmembrane domain holin	DUF4063	DUF4063	false	https://www.ebi.ac.uk/interpro/entry/pfam/PF13272/
PF13274	PF13274.12	SocA_Panacea	Antitoxin SocA-like, Panacea domain	DUF4065	DUF4065	false	https://www.ebi.ac.uk/interpro/entry/pfam/PF13274/
PF13281	PF13281.13	MAP3K_TRAF_bd	MAP3K TRAFs-binding domain	DUF4071	DUF4071	false	https://www.ebi.ac.uk/interpro/entry/pfam/PF13281/
PF13297	PF13297.12	SDE2_2C	Replication stress response SDE2 C-terminal	DUF4076	DUF4076;Sde2_C;Telomere_Sde2_2	false	https://www.ebi.ac.uk/interpro/entry/pfam/PF13297/
PF13318	PF13318.12	AtzG-like	1-carboxybiuret hydrolase subunit AtzG-like	DUF4089	DUF4089	false	https://www.ebi.ac.uk/interpro/entry/pfam/PF13318/
PF13320	PF13320.13	GH123_cat	Glycoside hydrolase 123, catalytic domain	DUF4091	DUF4091	false	https://www.ebi.ac.uk/interpro/entry/pfam/PF13320/
PF13338	PF13338.13	AbiEi_4	Transcriptional regulator, AbiEi antitoxin	DUF4095	DUF4095;AbiEi	false	https://www.ebi.ac.uk/interpro/entry/pfam/PF13338/
PF13355	PF13355.13	ARC6-like_IMS	ARC6-like, IMS domain	DUF4101	DUF4101	false	https://www.ebi.ac.uk/interpro/entry/pfam/PF13355/
PF13356	PF13356.13	Arm-DNA-bind_3	Arm DNA-binding domain	DUF4102	DUF4102	false	https://www.ebi.ac.uk/interpro/entry/pfam/PF13356/
PF13372	PF13372.13	Alginate_exp	Alginate export	DUF4104	DUF4104	false	https://www.ebi.ac.uk/interpro/entry/pfam/PF13372/
PF13373	PF13373.12	Dsc3_C	DSC E3 ubiquitin ligase complex subunit 3, C-terminal domain	DUF2407_C	DUF2407_C	false	https://www.ebi.ac.uk/interpro/entry/pfam/PF13373/
PF13387	PF13387.13	Lnb_N	Lnb N-terminal periplasmic domain	DUF4105	DUF4105	false	https://www.ebi.ac.uk/interpro/entry/pfam/PF13387/
PF13397	PF13397.13	RbpA	RNA polymerase-binding protein	DUF4109	DUF4109	false	https://www.ebi.ac.uk/interpro/entry/pfam/PF13397/
PF13427	PF13427.12	AadA_C	Aminoglycoside adenylyltransferase, C-terminal domain	DUF4111	DUF4111	false	https://www.ebi.ac.uk/interpro/entry/pfam/PF13427/
PF13464	PF13464.12	RodZ_C	RodZ C-terminal domain	DUF4115	DUF4115	false	https://www.ebi.ac.uk/interpro/entry/pfam/PF13464/
PF13491	PF13491.12	FtsK_4TM	4TM region of DNA translocase FtsK/SpoIIIE	DUF4117	DUF4117	false	https://www.ebi.ac.uk/interpro/entry/pfam/PF13491/
PF13554	PF13554.13	Phage_tail_terminator_5	Phage tail terminator protein	DUF4128	DUF4128	false	https://www.ebi.ac.uk/interpro/entry/pfam/PF13554/
PF13593	PF13593.12	SBF_like	SBF-like CPA transporter family (DUF4137)	DUF4137	DUF4137	false	https://www.ebi.ac.uk/interpro/entry/pfam/PF13593/
PF13652	PF13652.13	QSregVF	Putative quorum-sensing-regulated virulence factor	DUF4146	DUF4146	false	https://www.ebi.ac.uk/interpro/entry/pfam/PF13652/
PF13665	PF13665.12	Tox-PAAR-like	Toxin PAAR-like domain	DUF4150	DUF4150	false	https://www.ebi.ac.uk/interpro/entry/pfam/PF13665/
PF13699	PF13699.12	eCIS_core	eCIS core domain	DUF4157	DUF4157	false	https://www.ebi.ac.uk/interpro/entry/pfam/PF13699/
PF13715	PF13715.13	CarbopepD_reg_2	CarboxypepD_reg-like domain	DUF4480	Cna_B_2;DUF4480	false	https://www.ebi.ac.uk/interpro/entry/pfam/PF13715/
PF13732	PF13732.13	DrrA1-3_C	ATP-binding protein DrrA1-3-like, C-terminal domain	DUF4162	DUF4162	false	https://www.ebi.ac.uk/interpro/entry/pfam/PF13732/
PF13739	PF13739.12	PdaC	Deacetylase PdaC	DUF4163	DUF4163	false	https://www.ebi.ac.uk/interpro/entry/pfam/PF13739/
PF13790	PF13790.12	SR1P	SR1 protein	DUF4182	DUF4182	false	https://www.ebi.ac.uk/interpro/entry/pfam/PF13790/
PF13799	PF13799.12	F-ENAs	Fibrillar ENdospore Appendages	DUF4183	DUF4183	false	https://www.ebi.ac.uk/interpro/entry/pfam/PF13799/
PF13826	PF13826.13	Monooxy_af470-like	Monooxygenase af470-like	DUF4188	DUF4188	false	https://www.ebi.ac.uk/interpro/entry/pfam/PF13826/
PF13835	PF13835.13	JetB	Wadjet protein JetB	DUF4194	DUF4194	false	https://www.ebi.ac.uk/interpro/entry/pfam/PF13835/
PF13870	PF13870.12	CCDC113_CCDC96_CC	CCDC113/CCDC96, coiled-coil	DUF4201	DUF4201	false	https://www.ebi.ac.uk/interpro/entry/pfam/PF13870/
PF13886	PF13886.13	TM7S3_TM198	TM7S3/TM198-like domain	DUF4203	DUF4203	false	https://www.ebi.ac.uk/interpro/entry/pfam/PF13886/
PF13889	PF13889.12	Chromosome_seg	Chromosome segregation during meiosis	DUF4204	DUF4204	false	https://www.ebi.ac.uk/interpro/entry/pfam/PF13889/
PF13898	PF13898.12	MINDY-3_4_CD	Deubiquitinating enzyme MINDY-3/4, conserved domain	DUF4205	DUF4205	false	https://www.ebi.ac.uk/interpro/entry/pfam/PF13898/
PF13901	PF13901.13	RH_dom	Rubicon Homology Domain	DUF4206	DUF4206;zf-RING_9	false	https://www.ebi.ac.uk/interpro/entry/pfam/PF13901/
PF13904	PF13904.12	CCDC34	Coiled-coil domain-containing protein 34	DUF4207	DUF4207	false	https://www.ebi.ac.uk/interpro/entry/pfam/PF13904/
PF13907	PF13907.12	CHD1-like_C	Chromodomain-helicase-DNA-binding protein 1-like, C-terminal	DUF4208	DUF4208	false	https://www.ebi.ac.uk/interpro/entry/pfam/PF13907/
PF13910	PF13910.13	EMARD_N	EMARD, N-terminal domain	DUF4209	DUF4209	false	https://www.ebi.ac.uk/interpro/entry/pfam/PF13910/
PF13959	PF13959.12	CTE_SPB4	ATP-dependent rRNA helicase SPB4-like, C-terminal extension	DUF4217	DUF4217	false	https://www.ebi.ac.uk/interpro/entry/pfam/PF13959/
PF14009	PF14009.13	PADRE	PADRE domain	DUF4228	DUF4228	false	https://www.ebi.ac.uk/interpro/entry/pfam/PF14009/
PF14021	PF14021.13	TNT	Tuberculosis necrotizing toxin	DUF4237	DUF4237	false	https://www.ebi.ac.uk/interpro/entry/pfam/PF14021/
PF14023	PF14023.13	Bestrophin-like	Bestrophin-like domain	DUF4239	DUF4239	false	https://www.ebi.ac.uk/interpro/entry/pfam/PF14023/
PF14026	PF14026.13	SCO4226-like	Nickel responsive protein SCO4226-like	DUF4242	DUF4242	false	https://www.ebi.ac.uk/interpro/entry/pfam/PF14026/
PF14027	PF14027.12	Questin_oxidase	Questin oxidase-like	DUF4243	DUF4243	false	https://www.ebi.ac.uk/interpro/entry/pfam/PF14027/
PF14065	PF14065.12	Pvc16_N	Pvc16 N-terminal domain	DUF4255	DUF4255	false	https://www.ebi.ac.uk/interpro/entry/pfam/PF14065/
PF14082	PF14082.13	SduA_C	Shedu protein SduA, C-terminal	DUF4263	DUF4263	false	https://www.ebi.ac.uk/interpro/entry/pfam/PF14082/
PF14092	PF14092.13	BamH	BamH	DUF4270	DUF4270	false	https://www.ebi.ac.uk/interpro/entry/pfam/PF14092/
PF14108	PF14108.12	ABA4-like	ABA DEFICIENT 4-like	DUF4281	DUF4281	false	https://www.ebi.ac.uk/interpro/entry/pfam/PF14108/
PF14113	PF14113.13	Tae4	Type VI secretion system (T6SS), amidase effector protein 4	DUF4285	DUF4285	false	https://www.ebi.ac.uk/interpro/entry/pfam/PF14113/
PF14121	PF14121.13	Porin_10	Putative porin	DUF4289	DUF4289	false	https://www.ebi.ac.uk/interpro/entry/pfam/PF14121/
PF14130	PF14130.13	Cap4_nuclease	Cap4, dsDNA endonuclease domain	DUF4297	DUF4297	false	https://www.ebi.ac.uk/interpro/entry/pfam/PF14130/
PF14159	PF14159.12	CAAD	CAAD domains of cyanobacterial aminoacyl-tRNA synthetase	DUF4308	DUF4308	false	https://www.ebi.ac.uk/interpro/entry/pfam/PF14159/
PF14203	PF14203.12	TTRAP	Putative transposon-transfer assisting protein	DUF4319	DUF4319	false	https://www.ebi.ac.uk/interpro/entry/pfam/PF14203/
PF14236	PF14236.13	DruA	Druantia protein DruA	DUF4338	DUF4338	false	https://www.ebi.ac.uk/interpro/entry/pfam/PF14236/
PF14237	PF14237.12	GYF_2	GYF domain 2	DUF4339	DUF4339	false	https://www.ebi.ac.uk/interpro/entry/pfam/PF14237/
PF14243	PF14243.12	R2K_3	ATP-grasp domain, R2K clade family 3	DUF4343	DUF4343	false	https://www.ebi.ac.uk/interpro/entry/pfam/PF14243/
PF14251	PF14251.13	PterinBD-DUF4346	PterinBD-DUF4346	DUF4346	DUF4346	true	https://www.ebi.ac.uk/interpro/entry/pfam/PF14251/
PF14262	PF14262.13	Cthe_2159	Carbohydrate-binding domain-containing protein Cthe_2159	DUF4353	DUF4353	false	https://www.ebi.ac.uk/interpro/entry/pfam/PF14262/
PF14266	PF14266.12	YceG_bac	YceG domain	DUF4356	DUF4356	false	https://www.ebi.ac.uk/interpro/entry/pfam/PF14266/
PF14274	PF14274.13	BT_3044-like_C	BT_3044-like, C-terminal	DUF4361	DUF4361	false	https://www.ebi.ac.uk/interpro/entry/pfam/PF14274/
PF14283	PF14283.12	CD1107-like	Mobile element protein CD1107-like	DUF4366	DUF4366	false	https://www.ebi.ac.uk/interpro/entry/pfam/PF14283/
PF14290	PF14290.12	SDH5_plant	Succinate dehydrogenase subunit 5, mitochondrial	DUF4370	DUF4370	false	https://www.ebi.ac.uk/interpro/entry/pfam/PF14290/
PF14297	PF14297.13	Lin1244_N	Lin1244/Lin1753-like, N-terminal	DUF4373	DUF4373	false	https://www.ebi.ac.uk/interpro/entry/pfam/PF14297/
PF14298	PF14298.14	XusB	Xenosiderophore-binding lipoprotein XusB	DUF4374	DUF4374	false	https://www.ebi.ac.uk/interpro/entry/pfam/PF14298/
PF14300	PF14300.13	DMP19	DMP19-like protein	DUF4375	DUF4375	false	https://www.ebi.ac.uk/interpro/entry/pfam/PF14300/
PF14332	PF14332.12	PatA_N	Protein PatA, N-terminal domain	DUF4388	DUF4388	false	https://www.ebi.ac.uk/interpro/entry/pfam/PF14332/
PF14336	PF14336.12	GLUCM-like_C	D-glutamate cyclase-like, C-terminal	DUF4392	DUF4392	false	https://www.ebi.ac.uk/interpro/entry/pfam/PF14336/
PF14337	PF14337.14	Abi_alpha	Abortive infection alpha	DUF4393	DUF4393	false	https://www.ebi.ac.uk/interpro/entry/pfam/PF14337/
PF14348	PF14348.12	DtrJ-like	IncC plasmid conjugative DNA transfer protein DtrJ-like	DUF4400	DUF4400	false	https://www.ebi.ac.uk/interpro/entry/pfam/PF14348/
PF14365	PF14365.12	Neprosin_AP	Neprosin activation peptide	DUF4409	DUF4409	false	https://www.ebi.ac.uk/interpro/entry/pfam/PF14365/
PF14372	PF14372.13	hAT-like_RNase-H	hAT-like transposase, RNase-H fold	DUF4413	DUF4413	false	https://www.ebi.ac.uk/interpro/entry/pfam/PF14372/
PF14377	PF14377.12	UBM	Ubiquitin binding region	DUF4414	DUF4414	false	https://www.ebi.ac.uk/interpro/entry/pfam/PF14377/
PF14384	PF14384.13	BrnA_antitoxin	BrnA antitoxin of type II toxin-antitoxin system	DUF4415	DUF4415	false	https://www.ebi.ac.uk/interpro/entry/pfam/PF14384/
PF14466	PF14466.12	PLCC	PLAT/LH2 and C2-like Ca2+-binding lipoprotein	DUF4425	DUF4425	false	https://www.ebi.ac.uk/interpro/entry/pfam/PF14466/
PF14487	PF14487.13	DarT	ssDNA thymidine ADP-ribosyltransferase, DarT	DUF4433	DUF4433	false	https://www.ebi.ac.uk/interpro/entry/pfam/PF14487/
PF14574	PF14574.12	RACo_C_ter	C-terminal domain of RACo the ASKHA domain	DUF4445	DUF4445	false	https://www.ebi.ac.uk/interpro/entry/pfam/PF14574/
PF14610	PF14610.13	Psg1	Ykl077w/Psg1 (Pma1 Stabilization in Golgi)	DUF4448	GPI-anchored_2;DUF4448	false	https://www.ebi.ac.uk/interpro/entry/pfam/PF14610/
PF14613	PF14613.13	HAM1_C	HAM1-like, C-terminal domain	DUF4449	DUF4449	false	https://www.ebi.ac.uk/interpro/entry/pfam/PF14613/
PF14616	PF14616.12	Rua1_C	Transcription regulator Rua1, C-terminal	DUF4451	DUF4451	false	https://www.ebi.ac.uk/interpro/entry/pfam/PF14616/
PF14703	PF14703.13	PHM7_cyt	Cytosolic domain of 10TM putative phosphate transporter	DUF4463	DUF4463	false	https://www.ebi.ac.uk/interpro/entry/pfam/PF14703/
PF14753	PF14753.12	FAM221	Protein FAM221A/B	DUF4475	DUF4475	false	https://www.ebi.ac.uk/interpro/entry/pfam/PF14753/
PF14780	PF14780.12	NEPRO_N	Nucleolus and neural progenitor protein, N-terminal	DUF4477	DUF4477	false	https://www.ebi.ac.uk/interpro/entry/pfam/PF14780/
PF14818	PF14818.12	SOGA1-2-like_CC	SOGA 1/2-like, coiled-coil	DUF4482	DUF4482	false	https://www.ebi.ac.uk/interpro/entry/pfam/PF14818/
PF14825	PF14825.12	CFAP77	Cilia- and flagella-associated protein 77	DUF4483	DUF4483	false	https://www.ebi.ac.uk/interpro/entry/pfam/PF14825/
PF14858	PF14858.12	CFAP54_N	Cilia- and flagella-associated protein 54	DUF4486	DUF4486	false	https://www.ebi.ac.uk/interpro/entry/pfam/PF14858/
PF14892	PF14892.12	PIRC1_2	Piercer of microtubule wall 1/2	DUF4490	DUF4490	false	https://www.ebi.ac.uk/interpro/entry/pfam/PF14892/
PF14908	PF14908.12	HU-CCDC81_euk_1	CCDC81 eukaryotic HU domain 1	DUF4496	DUF4496	false	https://www.ebi.ac.uk/interpro/entry/pfam/PF14908/
PF14924	PF14924.13	MAP10_N	Microtubule associated protein 10, N-terminal domain	DUF4497	DUF4497	false	https://www.ebi.ac.uk/interpro/entry/pfam/PF14924/
PF14926	PF14926.12	CFAP300	Cilia- and flagella-associated protein 300	DUF4498	DUF4498	false	https://www.ebi.ac.uk/interpro/entry/pfam/PF14926/
PF14934	PF14934.14	TMEM254	Transmembrane protein 254	DUF4499	DUF4499	false	https://www.ebi.ac.uk/interpro/entry/pfam/PF14934/
PF14958	PF14958.12	PAAT-like	ATPase PAAT-like	DUF4506	DUF4506	false	https://www.ebi.ac.uk/interpro/entry/pfam/PF14958/
PF14964	PF14964.12	INTS15	Integrator complex subunit 15	DUF4507	DUF4507	false	https://www.ebi.ac.uk/interpro/entry/pfam/PF14964/
PF14970	PF14970.12	TEDC1	Tubulin epsilon and delta complex protein 1	DUF4509	DUF4509	false	https://www.ebi.ac.uk/interpro/entry/pfam/PF14970/
PF14974	PF14974.13	P_C10	Protein C10	DUF4511	DUF4511	false	https://www.ebi.ac.uk/interpro/entry/pfam/PF14974/
PF14983	PF14983.11	SPMIP10-like	Sperm-associated microtubule inner protein 10	DUF4513	DUF4513	false	https://www.ebi.ac.uk/interpro/entry/pfam/PF14983/
PF15016	PF15016.14	C5orf34_C	C5orf34 C-terminal domain	DUF4520	DUF4520	false	https://www.ebi.ac.uk/interpro/entry/pfam/PF15016/
PF15021	PF15021.12	SHLD1_C	Shieldin complex subunit 1, C-terminal domain	DUF4521	DUF4521	false	https://www.ebi.ac.uk/interpro/entry/pfam/PF15021/
PF15025	PF15025.13	C5orf34-like_N	C5orf34-like, N-terminal	DUF4524;DUF4524_N	DUF4524;DUF4524_N	false	https://www.ebi.ac.uk/interpro/entry/pfam/PF15025/
PF15027	PF15027.12	MGT5A_N	MGT5A-like, N-terminal	DUF4525	DUF4525	false	https://www.ebi.ac.uk/interpro/entry/pfam/PF15027/
PF15029	PF15029.12	TMEM174	Transmembrane protein 174	DUF4526	DUF4526	false	https://www.ebi.ac.uk/interpro/entry/pfam/PF15029/
PF15041	PF15041.12	TKTI1	Tektin bundle interacting protein 1	DUF4531	DUF4531	false	https://www.ebi.ac.uk/interpro/entry/pfam/PF15041/
PF15055	PF15055.13	DMAC1_Dmo2	DMAC1/Dmo2-like domain	DUF4536	DUF4536	false	https://www.ebi.ac.uk/interpro/entry/pfam/PF15055/
PF15061	PF15061.12	MITRAC7_Phoenixin	MITRAC7/Phoenixin family	DUF4538	DUF4538	false	https://www.ebi.ac.uk/interpro/entry/pfam/PF15061/
PF15072	PF15072.13	HROB	Homologous recombination OB-fold protein	DUF4539	DUF4539	false	https://www.ebi.ac.uk/interpro/entry/pfam/PF15072/
PF15073	PF15073.12	SPATA48	Spermatogenesis-associated protein 48	DUF4540	DUF4540	false	https://www.ebi.ac.uk/interpro/entry/pfam/PF15073/
PF15074	PF15074.12	CFAP90	Cilia and flagella associated protein 90	DUF4541	DUF4541	false	https://www.ebi.ac.uk/interpro/entry/pfam/PF15074/
PF15075	PF15075.12	SPMAP1-like	Sperm microtubule associated protein 1	DUF4542	DUF4542	false	https://www.ebi.ac.uk/interpro/entry/pfam/PF15075/
PF15077	PF15077.12	MAJIN	Membrane-anchored junction protein	DUF4544	DUF4544	false	https://www.ebi.ac.uk/interpro/entry/pfam/PF15077/
PF15079	PF15079.12	Tsc35	Testis-specific protein 35	DUF4546	DUF4546	false	https://www.ebi.ac.uk/interpro/entry/pfam/PF15079/
PF15089	PF15089.12	Redic1-like	Regulator of DNA class I crossover intermediates 1-like	DUF4552	DUF4552	false	https://www.ebi.ac.uk/interpro/entry/pfam/PF15089/
PF15093	PF15093.12	SPMIP4-like	Sperm-associated microtubule inner protein 4	DUF4555	DUF4555	false	https://www.ebi.ac.uk/interpro/entry/pfam/PF15093/
PF15101	PF15101.12	TERB2	Telomere-associated protein TERB2	DUF4557	DUF4557	false	https://www.ebi.ac.uk/interpro/entry/pfam/PF15101/
PF15104	PF15104.12	CFAP141	Cilia- and flagella-associated protein 141	DUF4558	DUF4558	false	https://www.ebi.ac.uk/interpro/entry/pfam/PF15104/
PF15120	PF15120.11	SPACA9	Sperm acrosome-associated protein 9	DUF4561	DUF4561	false	https://www.ebi.ac.uk/interpro/entry/pfam/PF15120/
PF15124	PF15124.12	FANCD2OS	FANCD2 opposite strand protein	DUF4563	DUF4563	false	https://www.ebi.ac.uk/interpro/entry/pfam/PF15124/
PF15127	PF15127.12	SmAKAP	Small membrane A-kinase anchor protein	DUF4565	DUF4565	false	https://www.ebi.ac.uk/interpro/entry/pfam/PF15127/
PF15133	PF15133.12	TASL	TLR adaptor interacting with SLC15A4 on the lysosome	DUF4569	DUF4569	false	https://www.ebi.ac.uk/interpro/entry/pfam/PF15133/
PF15134	PF15134.12	CEP15-like	Centrosomal protein 15-like	DUF4570	DUF4570	false	https://www.ebi.ac.uk/interpro/entry/pfam/PF15134/
PF15137	PF15137.11	ECPIP	Exosomal polycystin 1 interacting protein	DUF4571	DUF4571;CU062	false	https://www.ebi.ac.uk/interpro/entry/pfam/PF15137/
PF15139	PF15139.12	CFAP95	Protein CFAP95	DUF4572	DUF4572	false	https://www.ebi.ac.uk/interpro/entry/pfam/PF15139/
PF15141	PF15141.12	UQCC3	Ubiquinol-cytochrome-c reductase complex assembly factor 3	DUF4574	DUF4574	false	https://www.ebi.ac.uk/interpro/entry/pfam/PF15141/
PF15158	PF15158.12	TMEM249	Cation channel sperm-associated auxiliary subunit TMEM249	DUF4579	DUF4579	false	https://www.ebi.ac.uk/interpro/entry/pfam/PF15158/
PF15162	PF15162.12	SCRE	Protein SPO16 homolog	DUF4580	DUF4580	false	https://www.ebi.ac.uk/interpro/entry/pfam/PF15162/
PF15169	PF15169.13	Cybc1_Eros	Cytochrome b-245 chaperone 1 / Eros	DUF4564	DUF4564	false	https://www.ebi.ac.uk/interpro/entry/pfam/PF15169/
PF15189	PF15189.12	MEIOC	Meiosis-specific coiled-coil domain-containing protein MEIOC	DUF4582	DUF4582	false	https://www.ebi.ac.uk/interpro/entry/pfam/PF15189/
PF15190	PF15190.12	TMEM251	Transmembrane protein 251	DUF4583	DUF4583	false	https://www.ebi.ac.uk/interpro/entry/pfam/PF15190/
PF15223	PF15223.12	EPOP	Elongin BC and Polycomb repressive complex 2-associated protein	DUF4584	DUF4584	false	https://www.ebi.ac.uk/interpro/entry/pfam/PF15223/
PF15239	PF15239.12	CFAP96-like	Cilia-and flagella-associated protein 96	DUF4586	DUF4586	false	https://www.ebi.ac.uk/interpro/entry/pfam/PF15239/
PF15251	PF15251.12	TAPR1-like	Telomere attrition and p53 response 1 protein-like	DUF4588	DUF4588	false	https://www.ebi.ac.uk/interpro/entry/pfam/PF15251/
PF15261	PF15261.12	JHY	Jhy protein	DUF4591	DUF4591	false	https://www.ebi.ac.uk/interpro/entry/pfam/PF15261/
PF15363	PF15363.12	BTBD8_C	BTB/POZ domain-containing protein 8, C-terminal	DUF4596	DUF4596	false	https://www.ebi.ac.uk/interpro/entry/pfam/PF15363/
PF15370	PF15370.12	NOPCHAP1	NOP protein chaperone 1	DUF4598	DUF4598	false	https://www.ebi.ac.uk/interpro/entry/pfam/PF15370/
PF15373	PF15373.12	SAXO5-like	Stabilizer of axonemal microtubules 5	DUF4601	DUF4601	false	https://www.ebi.ac.uk/interpro/entry/pfam/PF15373/
PF15375	PF15375.12	FSAF1	40S small subunit processome assembly factor 1	DUF4602	DUF4602	false	https://www.ebi.ac.uk/interpro/entry/pfam/PF15375/
PF15384	PF15384.12	PAXX	PAXX, PAralog of XRCC4 and XLF, also called C9orf142	DUF4610	DUF4610	false	https://www.ebi.ac.uk/interpro/entry/pfam/PF15384/
PF15390	PF15390.13	WDCP	WD repeat and coiled-coil-containing protein family	DUF4613	DUF4613	false	https://www.ebi.ac.uk/interpro/entry/pfam/PF15390/
PF15395	PF15395.13	RESF1_C	Retroelement silencing factor 1 C-terminal region	DUF4617	DUF4617	false	https://www.ebi.ac.uk/interpro/entry/pfam/PF15395/
PF15415	PF15415.13	Mfa_like_2	Fimbrillin-like	DUF4622	DUF4622	false	https://www.ebi.ac.uk/interpro/entry/pfam/PF15415/
PF15450	PF15450.12	CCDC154	Coiled-coil domain-containing protein 154	DUF4631	DUF4631	false	https://www.ebi.ac.uk/interpro/entry/pfam/PF15450/
PF15505	PF15505.13	Vexin	Vexin domain	DUF4648	DUF4648	false	https://www.ebi.ac.uk/interpro/entry/pfam/PF15505/
PF15547	PF15547.12	C1ORF64	Steroid receptor-associated and regulated protein	DUF4654	DUF4654	false	https://www.ebi.ac.uk/interpro/entry/pfam/PF15547/
PF15673	PF15673.11	Ciart	Circadian-associated transcriptional repressor	DUF4664	DUF4664	false	https://www.ebi.ac.uk/interpro/entry/pfam/PF15673/
PF15707	PF15707.11	MCCD1	Mitochondrial coiled-coil domain protein 1	DUF4669	DUF4669	false	https://www.ebi.ac.uk/interpro/entry/pfam/PF15707/
PF15710	PF15710.11	Brme1	Break repair meiotic recombinase recruitment factor 1	DUF4671	DUF4671	false	https://www.ebi.ac.uk/interpro/entry/pfam/PF15710/
PF15718	PF15718.11	MNR	Protein moonraker	DUF4673	DUF4673	false	https://www.ebi.ac.uk/interpro/entry/pfam/PF15718/
PF15719	PF15719.11	Rmp24-like	Ribonuclease MRP subunit P24-like	DUF4674	DUF4674	false	https://www.ebi.ac.uk/interpro/entry/pfam/PF15719/
PF15725	PF15725.10	RCDG1	Renal cancer differentiation gene 1 protein	DUF4676	DUF4676	false	https://www.ebi.ac.uk/interpro/entry/pfam/PF15725/
PF15749	PF15749.11	MRNIP	MRN-interacting protein	UPF0544	UPF0544	false	https://www.ebi.ac.uk/interpro/entry/pfam/PF15749/
PF15767	PF15767.11	ARMH4	Armadillo-like helical domain-containing protein 4	DUF4696	DUF4696	false	https://www.ebi.ac.uk/interpro/entry/pfam/PF15767/
PF15768	PF15768.11	CC190	Coiled-coil domain-containing protein 190	DUF4697	DUF4697	false	https://www.ebi.ac.uk/interpro/entry/pfam/PF15768/
PF15771	PF15771.11	IHO1	Interactor of HORMAD1 protein 1	DUF4700	DUF4700	false	https://www.ebi.ac.uk/interpro/entry/pfam/PF15771/
PF15773	PF15773.11	DAAP1	Dynein axonemal-associated protein 1	DUF4701	DUF4701	false	https://www.ebi.ac.uk/interpro/entry/pfam/PF15773/
PF15806	PF15806.12	TRAPP14_N	TRAPP14 N-terminal	DUF4707	DUF4707	false	https://www.ebi.ac.uk/interpro/entry/pfam/PF15806/
PF15828	PF15828.11	RDD1	Required for drug-induced death protein 1	DUF4710	DUF4710	false	https://www.ebi.ac.uk/interpro/entry/pfam/PF15828/
PF15831	PF15831.11	SMIM5_18_22	Small integral membrane protein 5/18/22	DUF4713	DUF4713	false	https://www.ebi.ac.uk/interpro/entry/pfam/PF15831/
PF15837	PF15837.11	TMEM262	Transmembrane protein 262	DUF4716	DUF4716	false	https://www.ebi.ac.uk/interpro/entry/pfam/PF15837/
PF15838	PF15838.12	LLCFC1	LLLL and CFNLAS motif-containing protein 1	DUF4717	DUF4717	false	https://www.ebi.ac.uk/interpro/entry/pfam/PF15838/
PF15848	PF15848.11	ODAPH	Odontogenesis associated phosphoprotein	DUF4721	DUF4721	false	https://www.ebi.ac.uk/interpro/entry/pfam/PF15848/
PF15854	PF15854.11	GPR15L	G-protein coupled receptor ligand 15	DUF4725	DUF4725	false	https://www.ebi.ac.uk/interpro/entry/pfam/PF15854/
PF15878	PF15878.11	Frey	Protein Frey	DUF4733	DUF4733	false	https://www.ebi.ac.uk/interpro/entry/pfam/PF15878/
PF16016	PF16016.12	VASt	VAD1 Analog of StAR-related lipid transfer domain	DUF4782	DUF4782	false	https://www.ebi.ac.uk/interpro/entry/pfam/PF16016/
PF16024	PF16024.11	DUF4785_1st	Domain of unknown function (DUF4785) N-terminal domain	DUF4785	DUF4785	true	https://www.ebi.ac.uk/interpro/entry/pfam/PF16024/
PF16040	PF16040.11	APD1-4_N	E3 ubiquitin-protein ligase APD1-4, N-terminal	DUF4792	DUF4792	false	https://www.ebi.ac.uk/interpro/entry/pfam/PF16040/
PF16041	PF16041.11	APD1-4_M	E3 ubiquitin-protein ligase APD1-4, middle domain	DUF4793	DUF4793	false	https://www.ebi.ac.uk/interpro/entry/pfam/PF16041/
PF16044	PF16044.12	DUF4796_C	DUF4796 C-terminal	DUF4796	DUF4796	true	https://www.ebi.ac.uk/interpro/entry/pfam/PF16044/
PF16059	PF16059.11	MGA_dom	MGA, conserved domain	DUF4801	DUF4801	false	https://www.ebi.ac.uk/interpro/entry/pfam/PF16059/
PF16062	PF16062.11	MavL-like	ADP-ribosylhydrolase MavL-like	DUF4804	DUF4804	false	https://www.ebi.ac.uk/interpro/entry/pfam/PF16062/
PF16088	PF16088.11	BORCS7	BLOC-1-related complex sub-unit 7	UPF0693	UPF0693	false	https://www.ebi.ac.uk/interpro/entry/pfam/PF16088/
PF16090	PF16090.13	Cic	Protein capicua homolog-like domain	DUF4819	DUF4819	false	https://www.ebi.ac.uk/interpro/entry/pfam/PF16090/
PF16092	PF16092.12	CFAP61_N	Cilia- and flagella-associated protein 61, N-terminal domain	DUF4821	DUF4821	false	https://www.ebi.ac.uk/interpro/entry/pfam/PF16092/
PF16141	PF16141.12	GH18_BT1044-like	Glycoside hydrolase family 18, BT1044-like	DUFDUF4849;DUF4849	DUFDUF4849;DUF4849	false	https://www.ebi.ac.uk/interpro/entry/pfam/PF16141/
PF16155	PF16155.12	PnbB	4-hydroxylaminobenzoate lyase	DUF4863	DUF4863	false	https://www.ebi.ac.uk/interpro/entry/pfam/PF16155/
PF16162	PF16162.11	KwaB	Kiwa protein KwaB-like	DUF4868	DUF4868	false	https://www.ebi.ac.uk/interpro/entry/pfam/PF16162/
PF16163	PF16163.11	DUF4869	Domain of unknown function (DUF4869)	DUFDUF4869	DUFDUF4869	true	https://www.ebi.ac.uk/interpro/entry/pfam/PF16163/
PF16216	PF16216.11	GxGYxYP_N	GxGYxYP_N 1st domain	DUF4877	DUF4877	false	https://www.ebi.ac.uk/interpro/entry/pfam/PF16216/
PF16285	PF16285.11	DUF4931_N	Domain of unknown function (DUF4931) N-terminal domain	DUF4931	DUF4931	true	https://www.ebi.ac.uk/interpro/entry/pfam/PF16285/
PF16289	PF16289.12	PIN_12	PIN domain	DUF4935	DUF4935	false	https://www.ebi.ac.uk/interpro/entry/pfam/PF16289/
PF16297	PF16297.12	RTL1-8_LDOC	RTL1/3-8/LDOC, capsid-like domain	DUF4939	DUF4939	false	https://www.ebi.ac.uk/interpro/entry/pfam/PF16297/
PF16319	PF16319.12	Ig_BT4661_1st	Surface glycan binding protein BT4661-like, N-terminal	DUF4958	DUF4958;SGBP_BT4661-like	false	https://www.ebi.ac.uk/interpro/entry/pfam/PF16319/
PF16324	PF16324.11	SGBP_levan-binding	SGBP, levan binding domain	DUF4960	DUF4960	false	https://www.ebi.ac.uk/interpro/entry/pfam/PF16324/
PF16332	PF16332.13	DSE-like_N	Dermatan-sulfate epimerase-like, N-terminal	DUF4962	DUF4962	false	https://www.ebi.ac.uk/interpro/entry/pfam/PF16332/
PF16335	PF16335.11	GtaA_6_Hairpin	Glutaminase A six helical-hairpin domain	DUF4965	DUF4965	false	https://www.ebi.ac.uk/interpro/entry/pfam/PF16335/
PF16344	PF16344.11	FecR_C	FecR, C-terminal	DUF4974	DUF4974	false	https://www.ebi.ac.uk/interpro/entry/pfam/PF16344/
PF16346	PF16346.13	GH32_BT1760-like_C	GH32, BT1760-like, C-terminal domain	DUF4975	DUF4975	false	https://www.ebi.ac.uk/interpro/entry/pfam/PF16346/
PF16347	PF16347.11	SGSH_C	N-sulphoglucosamine sulphohydrolase, C-terminal	DUF4976	DUF4976	false	https://www.ebi.ac.uk/interpro/entry/pfam/PF16347/
PF16353	PF16353.12	LacZ_4	Beta-galactosidase, domain 4	DUF4981	DUF4981	false	https://www.ebi.ac.uk/interpro/entry/pfam/PF16353/
PF16380	PF16380.11	BT_4170-like_C	Rhamnogalacturonan lyase BT_4170-like, C-terminal	DUF4990	DUF4990	false	https://www.ebi.ac.uk/interpro/entry/pfam/PF16380/
PF16403	PF16403.12	Bact_surface_Ig-like	Bacterial surface protein, Ig-like domain	DUF5011	DUF5011	false	https://www.ebi.ac.uk/interpro/entry/pfam/PF16403/
PF16404	PF16404.13	BT_2262-like_C	BT_2262-like, C-terminal domain	DUF5012	DUF5012	false	https://www.ebi.ac.uk/interpro/entry/pfam/PF16404/
PF16407	PF16407.12	PKD_2	PKD-like family	DUF5015	DUF5015	false	https://www.ebi.ac.uk/interpro/entry/pfam/PF16407/
PF16411	PF16411.11	SusF_SusE	SusF/SusE starch specific CBMs	DUF5019	DUF5019	false	https://www.ebi.ac.uk/interpro/entry/pfam/PF16411/
PF16472	PF16472.13	LRP1-like_beta_prop	LRP1, beta-propeller domain	DUF5050	DUF5050	false	https://www.ebi.ac.uk/interpro/entry/pfam/PF16472/
PF16473	PF16473.12	Rv2179c-like	3'-5' exoribonuclease Rv2179c-like domain	DUF5051	DUF5051	false	https://www.ebi.ac.uk/interpro/entry/pfam/PF16473/
PF16807	PF16807.12	Phage_tail_terminator_4	Putative tail termination protein	DUF5072	DUF5072	false	https://www.ebi.ac.uk/interpro/entry/pfam/PF16807/
PF16888	PF16888.11	YwqH-like	YwqH-like	DUF5082	DUF5082	false	https://www.ebi.ac.uk/interpro/entry/pfam/PF16888/
PF17042	PF17042.11	NBD_C	Nucleotide-binding C-terminal domain	DUF1357_C	DUF1357_C	false	https://www.ebi.ac.uk/interpro/entry/pfam/PF17042/
PF17104	PF17104.11	YBL010C_LAA2	YBL010C/LAA2	DUF5102	DUF5102	false	https://www.ebi.ac.uk/interpro/entry/pfam/PF17104/
PF17116	PF17116.12	T9SS_plug_1st	Type 9 secretion system plug protein 1st domain	DUF5103	DUF5103	false	https://www.ebi.ac.uk/interpro/entry/pfam/PF17116/
PF17142	PF17142.11	SusF_N	Outer membrane protein SusF, N-terminal domain	DUF5115	DUF5115	false	https://www.ebi.ac.uk/interpro/entry/pfam/PF17142/
PF17198	PF17198.10	AveC_like	Spirocyclase AveC-like	DUF5135	DUF5135	false	https://www.ebi.ac.uk/interpro/entry/pfam/PF17198/
PF17229	PF17229.8	SMG1_N	Serine/threonine-protein kinase SMG1 N-terminal	DUF5303	DUF5303	false	https://www.ebi.ac.uk/interpro/entry/pfam/PF17229/
PF17232	PF17232.8	Pep1_7	Elicitor peptide 1-7	DUF5306	DUF5306	false	https://www.ebi.ac.uk/interpro/entry/pfam/PF17232/
PF17236	PF17236.9	SU10_MCP	SU10 major capsid protein	DUF5309	DUF5309	false	https://www.ebi.ac.uk/interpro/entry/pfam/PF17236/
PF17237	PF17237.8	Emr1	ERMES regulator 1	DUF5310	DUF5310	false	https://www.ebi.ac.uk/interpro/entry/pfam/PF17237/
PF17238	PF17238.9	NUP160_helical_2	NUP160, helical domain	DUF5311	DUF5311	false	https://www.ebi.ac.uk/interpro/entry/pfam/PF17238/
PF17241	PF17241.9	Retrotran_gag_4	Ty5 Gag N-terminal region	DUF5314	DUF5314	false	https://www.ebi.ac.uk/interpro/entry/pfam/PF17241/
PF17255	PF17255.9	EbsA	EbsA-like protein	DUF5322	DUF5322	false	https://www.ebi.ac.uk/interpro/entry/pfam/PF17255/
PF17262	PF17262.8	Cas6b_C	Cas6b C-terminal domain	DUF5328	DUF5328	false	https://www.ebi.ac.uk/interpro/entry/pfam/PF17262/
PF17270	PF17270.9	MAP_0900	34 kDa antigenic protein	DUF5336	DUF5336	false	https://www.ebi.ac.uk/interpro/entry/pfam/PF17270/
PF17304	PF17304.10	OM14_C	Mitochondrial outer membrane protein OM14, C-terminal	DUF5353	DUF5353	false	https://www.ebi.ac.uk/interpro/entry/pfam/PF17304/
PF17339	PF17339.10	PH_15	PH domain	DUF5369	DUF5369	false	https://www.ebi.ac.uk/interpro/entry/pfam/PF17339/
PF17384	PF17384.9	RimP_C	RimP C-terminal Sm-like domain	DUF150_C	DUF150_C	false	https://www.ebi.ac.uk/interpro/entry/pfam/PF17384/
PF17397	PF17397.7	TSX	TSX	DUF5404	DUF5404	false	https://www.ebi.ac.uk/interpro/entry/pfam/PF17397/
PF17435	PF17435.7	CT_584-like	CT_584-like	DUF5414	DUF5414	false	https://www.ebi.ac.uk/interpro/entry/pfam/PF17435/
PF17495	PF17495.7	OrfA	Vpr-like OrfA	DUF5430	DUF5430	false	https://www.ebi.ac.uk/interpro/entry/pfam/PF17495/
PF17528	PF17528.8	HdcB	Histidine decarboxylase maturation protein HdcB	DUF5449	DUF5449	false	https://www.ebi.ac.uk/interpro/entry/pfam/PF17528/
PF17541	PF17541.9	TssC	Type VI secretion system TssC/VipB, central domain	DUF5458	DUF5458	false	https://www.ebi.ac.uk/interpro/entry/pfam/PF17541/
PF17555	PF17555.8	TssN	Type VI secretion system, TssN	DUF5467	DUF5467	false	https://www.ebi.ac.uk/interpro/entry/pfam/PF17555/
PF17561	PF17561.8	TssO	Type VI secretion system, TssO	DUF5469	DUF5469	false	https://www.ebi.ac.uk/interpro/entry/pfam/PF17561/
PF17570	PF17570.8	T7-like_gp67	Bacteriophage T7-like, protein 6.7	DUF5476	DUF5476	false	https://www.ebi.ac.uk/interpro/entry/pfam/PF17570/
PF17635	PF17635.8	bCoV_Orf14	Betacoronavirus uncharacterised protein 14 (SARS-CoV-2 like)	DUF5515	DUF5515	false	https://www.ebi.ac.uk/interpro/entry/pfam/PF17635/
PF17648	PF17648.8	Luciferase	Luciferase domain	DUF5519	DUF5519	false	https://www.ebi.ac.uk/interpro/entry/pfam/PF17648/
PF17659	PF17659.9	RADX	RPA-related protein RADX N-terminal domain	DUF5521	CXorf57;DUF5521	false	https://www.ebi.ac.uk/interpro/entry/pfam/PF17659/
PF17664	PF17664.7	HOATZ-like	Cilia- and flagella-associated protein HOATZ-like	DUF5526	C11orf88;DUF5526	false	https://www.ebi.ac.uk/interpro/entry/pfam/PF17664/
PF17672	PF17672.7	FIMP	Fertilisation-influencing membrane protein	DUF5589	C16orf92;DUF5589	false	https://www.ebi.ac.uk/interpro/entry/pfam/PF17672/
PF17685	PF17685.7	TM250	Transmembrane protein 250	DUF5533	DUF5533	false	https://www.ebi.ac.uk/interpro/entry/pfam/PF17685/
PF17696	PF17696.6	ALN	Another-regulin-like	DUF5542	DUF5542	false	https://www.ebi.ac.uk/interpro/entry/pfam/PF17696/
PF17703	PF17703.6	C19orf84	piRNA-mediated silencing protein C19orf84	DUF5549	DUF5549	false	https://www.ebi.ac.uk/interpro/entry/pfam/PF17703/
PF17716	PF17716.7	RIMC1	RAB7A-interacting MON1-CCZ1 complex subunit 1	DUF5561	DUF5561	false	https://www.ebi.ac.uk/interpro/entry/pfam/PF17716/
PF17720	PF17720.8	RLIG1	RNA ligase 1	DUF5565	DUF5565	false	https://www.ebi.ac.uk/interpro/entry/pfam/PF17720/
PF17721	PF17721.7	POU2AF2	POU domain class 2-associating factor 2	DUF5566	DUF5566	false	https://www.ebi.ac.uk/interpro/entry/pfam/PF17721/
PF17722	PF17722.7	IFTAP	Intraflagellar transport-associated protein	DUF5567	DUF5567	false	https://www.ebi.ac.uk/interpro/entry/pfam/PF17722/
PF17733	PF17733.8	KPWE_dom	PEX14-like KPWE domain	DUF5572	DUF5572	false	https://www.ebi.ac.uk/interpro/entry/pfam/PF17733/
PF17736	PF17736.8	Ig_C17orf99	C17orf99 Ig domain	DUF5573	DUF5573	false	https://www.ebi.ac.uk/interpro/entry/pfam/PF17736/
PF17737	PF17737.8	Ig_C19orf38	Ig domain in C19orf38 (HIDE1)	DUF5574	DUF5574	false	https://www.ebi.ac.uk/interpro/entry/pfam/PF17737/
PF17742	PF17742.7	Fndc10	Fibronectin type III domain-containing protein 10	DUF5579	DUF5579	false	https://www.ebi.ac.uk/interpro/entry/pfam/PF17742/
PF17775	PF17775.8	YchJ_M-like	YchJ, middle NTF2-like domain	UPF0225	UPF0225	false	https://www.ebi.ac.uk/interpro/entry/pfam/PF17775/
PF17819	PF17819.7	Tex55	Testis-specific expressed protein 55	DUF5582	DUF5582	false	https://www.ebi.ac.uk/interpro/entry/pfam/PF17819/
PF17822	PF17822.7	ARMH2	Armadillo-like helical domain-containing protein 2	DUF5584	DUF5584	false	https://www.ebi.ac.uk/interpro/entry/pfam/PF17822/
PF17825	PF17825.8	SHOC1_ATPase	SHOC1 ATPase domain	DUF5587	DUF5587	false	https://www.ebi.ac.uk/interpro/entry/pfam/PF17825/
PF17833	PF17833.8	pre-PUA_NIP7	NIP7/UPF0113, pre-PUA domain	UPF0113_N	UPF0113_N	false	https://www.ebi.ac.uk/interpro/entry/pfam/PF17833/
PF17881	PF17881.9	TseB	Cell wall elongation regulator TseB-like domain	DUF5590	DUF5590	false	https://www.ebi.ac.uk/interpro/entry/pfam/PF17881/
PF18007	PF18007.8	Rv3651-like_N	Rv3651-like, N-terminal	DUF5593	DUF5593	false	https://www.ebi.ac.uk/interpro/entry/pfam/PF18007/
PF18082	PF18082.8	NAT_N	N-acyltransferase N-terminal domain	DUF5596	DUF5596	false	https://www.ebi.ac.uk/interpro/entry/pfam/PF18082/
PF18099	PF18099.8	CBM_35_2	Carbohydrate binding module (family 35)	DUF5010_C	DUF5010_C	false	https://www.ebi.ac.uk/interpro/entry/pfam/PF18099/
PF18127	PF18127.7	NAMPT_N	Nicotinamide phosphoribosyltransferase, N-terminal domain	DUF5598	DUF5598	false	https://www.ebi.ac.uk/interpro/entry/pfam/PF18127/
PF18141	PF18141.8	UPF1_1B_dom	RNA helicase UPF1, 1B domain	DUF5599	DUF5599	false	https://www.ebi.ac.uk/interpro/entry/pfam/PF18141/
PF18197	PF18197.7	TTHB210-like	Hypothetical protein TTHB210	DUF5602	DUF5602	false	https://www.ebi.ac.uk/interpro/entry/pfam/PF18197/
PF18231	PF18231.8	SerK_C	L-serine kinase SerK, C-terminal domain	DUF5603	DUF5603	false	https://www.ebi.ac.uk/interpro/entry/pfam/PF18231/
PF18621	PF18621.9	Rv3651-like_middle	Rv3651-like, middle domain	DUF5628	DUF5628	false	https://www.ebi.ac.uk/interpro/entry/pfam/PF18621/
PF18672	PF18672.8	PilZN1	N-terminal PilZ-like domain PilZN1	DUF5634_N	DUF5634_N	false	https://www.ebi.ac.uk/interpro/entry/pfam/PF18672/
PF18897	PF18897.6	Gp3-like	Recombination directionality factor-like	DUF5653	DUF5653	false	https://www.ebi.ac.uk/interpro/entry/pfam/PF18897/
PF18909	PF18909.6	dGTP_diPhyd_N	dATP/dGTP diphosphohydrolase, N-terminal	DUF5664	DUF5664	false	https://www.ebi.ac.uk/interpro/entry/pfam/PF18909/
PF18917	PF18917.6	LiaI-LiaF-like_TM1	LiaI-LiaF-like transmembrane region	DUF5668	DUF5668	false	https://www.ebi.ac.uk/interpro/entry/pfam/PF18917/
PF18965	PF18965.6	VP3-like	Outer capsid protein VP3-like	DUF5705	DUF5705	false	https://www.ebi.ac.uk/interpro/entry/pfam/PF18965/
PF18967	PF18967.6	PycTM	Pycsar effector protein domain	DUF5706	DUF5706	false	https://www.ebi.ac.uk/interpro/entry/pfam/PF18967/
PF18982	PF18982.6	JetA	Wadjet protein JetA	DUF5716	DUF5716	false	https://www.ebi.ac.uk/interpro/entry/pfam/PF18982/
PF19021	PF19021.6	Cmr7A	CRISPR system CMR subunit Cmr7 1	DUF5747	DUF5747	false	https://www.ebi.ac.uk/interpro/entry/pfam/PF19021/
PF19060	PF19060.6	DVNP	DVNP family	DUF5756	DUF5756	false	https://www.ebi.ac.uk/interpro/entry/pfam/PF19060/
PF19065	PF19065.8	P8_CR	Minor capsid protein P8 central region	DUF5761	DUF5761	false	https://www.ebi.ac.uk/interpro/entry/pfam/PF19065/
PF19066	PF19066.7	P9_TM	Minor capsid protein P9 transmembrane helices	DUF5762	DUF5762	false	https://www.ebi.ac.uk/interpro/entry/pfam/PF19066/
PF19094	PF19094.6	EMC6_arch	EMC6-arch	DUF5782	DUF5782	false	https://www.ebi.ac.uk/interpro/entry/pfam/PF19094/
PF19138	PF19138.7	TbsP_N	Transcriptional regulator TbsP-like, N-terminal	DUF5821	DUF5821	false	https://www.ebi.ac.uk/interpro/entry/pfam/PF19138/
PF19151	PF19151.5	Sublancin	Sublancin	DUF5833	DUF5833	false	https://www.ebi.ac.uk/interpro/entry/pfam/PF19151/
PF19179	PF19179.6	TTC3_DZIP3_dom	E3 ubiquitin-protein ligase TTC3/DZIP3 domain	DUF5861	DUF5861	false	https://www.ebi.ac.uk/interpro/entry/pfam/PF19179/
PF19200	PF19200.7	MupG_N	6-phospho-N-acetylmuramidase, N-terminal	DUF871_N	DUF871_N	false	https://www.ebi.ac.uk/interpro/entry/pfam/PF19200/
PF19213	PF19213.6	CoV_NSP6	Coronavirus replicase NSP6	DUF5881	DUF5881	false	https://www.ebi.ac.uk/interpro/entry/pfam/PF19213/
PF19286	PF19286.5	ZSWIM1-3_C	Zinc finger SWIM domain-containing protein 1/3, C-terminal	DUF5909	DUF5909	false	https://www.ebi.ac.uk/interpro/entry/pfam/PF19286/
PF19291	PF19291.5	TREH_N	Trehalase-like, N-terminal	DUF5911	DUF5911	false	https://www.ebi.ac.uk/interpro/entry/pfam/PF19291/
PF19294	PF19294.5	DACZ_N	Diadenylate cyclase, N-terminal	DUF5912	DUF5912	false	https://www.ebi.ac.uk/interpro/entry/pfam/PF19294/
PF19296	PF19296.6	RelA_AH	RelA/SpoT AH domain	DUF5913	DUF5913;RelA_AH_RIS	false	https://www.ebi.ac.uk/interpro/entry/pfam/PF19296/
PF19339	PF19339.5	ANGEL2_N	Protein angel homolog 2 N-terminal	DUF5922	DUF5922	false	https://www.ebi.ac.uk/interpro/entry/pfam/PF19339/
PF19343	PF19343.6	HAM1_N	HAM1-like, N-terminal domain	DUF5923	DUF5923	false	https://www.ebi.ac.uk/interpro/entry/pfam/PF19343/
PF19375	PF19375.5	DurN	DurN substrate-assisted peptide maturase	DUF5950	DUF5950	false	https://www.ebi.ac.uk/interpro/entry/pfam/PF19375/
PF19398	PF19398.5	DurB-like	Lantibiotic duramycin B-like	DUF5973	DUF5973	false	https://www.ebi.ac.uk/interpro/entry/pfam/PF19398/
PF19493	PF19493.5	Trypco1	Trypsin-co-occurring domain 1	DUF6028	DUF6028	false	https://www.ebi.ac.uk/interpro/entry/pfam/PF19493/
PF19511	PF19511.5	TrbL_5	Conjugal transfer protein TrbL	DUF6045	DUF6045	false	https://www.ebi.ac.uk/interpro/entry/pfam/PF19511/
PF19528	PF19528.5	GT_STM0557_N	STM0557-like, N-terminal glycosyltransferase domain	DUF6056	DUF6056	false	https://www.ebi.ac.uk/interpro/entry/pfam/PF19528/
PF19543	PF19543.7	GH123_N	Glycoside hydrolase 123, N-terminal domain	DUF6067	DUF6067	false	https://www.ebi.ac.uk/interpro/entry/pfam/PF19543/
PF19557	PF19557.7	BrxC-PglY_N	BrxC/PglY, N-terminal domain	DUF6079;DUF6079_1st	DUF6079;DUF6079_1st	false	https://www.ebi.ac.uk/interpro/entry/pfam/PF19557/
PF19582	PF19582.5	AdeT1_2	Solute-binding protein AdeT 1/2	DUF6091	DUF6091	false	https://www.ebi.ac.uk/interpro/entry/pfam/PF19582/
PF19597	PF19597.5	TrbL_4	Conjugal transfer protein TrbL	DUF6102	DUF6102	false	https://www.ebi.ac.uk/interpro/entry/pfam/PF19597/
PF19631	PF19631.5	Trypco2	Trypsin-co-occurring domain 2	DUF6135	DUF6135	false	https://www.ebi.ac.uk/interpro/entry/pfam/PF19631/
PF19647	PF19647.5	Septknot	7(1) septoil knot domain	DUF6150	DUF6150	false	https://www.ebi.ac.uk/interpro/entry/pfam/PF19647/
PF19705	PF19705.5	PolF	PolF haem-oxygenase-like diiron oxidases	DUF6202	DUF6202	false	https://www.ebi.ac.uk/interpro/entry/pfam/PF19705/
PF19810	PF19810.6	HFX_2341_N	HFX_2341-like, N-terminal	DUF6293;DUF6293_N	DUF6293;DUF6293_N	false	https://www.ebi.ac.uk/interpro/entry/pfam/PF19810/
PF19877	PF19877.5	PerM	Cell division protein PerM	DUF6350	DUF6350	false	https://www.ebi.ac.uk/interpro/entry/pfam/PF19877/
PF19904	PF19904.7	SusR_C	SusR C-terminal domain	DUF6377	DUF6377	false	https://www.ebi.ac.uk/interpro/entry/pfam/PF19904/
PF19906	PF19906.5	CGDB	C-glycoside deglycosidase beta subunit	DUF6379	DUF6379	false	https://www.ebi.ac.uk/interpro/entry/pfam/PF19906/
PF19929	PF19929.6	CdiI_5	Immunity protein CdiI	DUF6392	DUF6392	false	https://www.ebi.ac.uk/interpro/entry/pfam/PF19929/
PF20016	PF20016.7	ThsA_Macro	Thoeris protein ThsA, Macro domain	DUF6430	DUF6430;ThsA_SLOG-like	false	https://www.ebi.ac.uk/interpro/entry/pfam/PF20016/
PF20109	PF20109.5	Trans_reg_dom	Proteobacterial transcriptional regulator-like domain	DUF6499	DUF6499	false	https://www.ebi.ac.uk/interpro/entry/pfam/PF20109/
PF20126	PF20126.5	TumE	Toxin TumE	DUF6516	DUF6516	false	https://www.ebi.ac.uk/interpro/entry/pfam/PF20126/
PF20131	PF20131.5	MC3	ABC-three component (ABC-3C) system Middle Component 3	DUF6521	DUF6521	false	https://www.ebi.ac.uk/interpro/entry/pfam/PF20131/
PF20133	PF20133.5	HHL1-like	Protein HHL1-like	DUF6523	DUF6523	false	https://www.ebi.ac.uk/interpro/entry/pfam/PF20133/
PF20137	PF20137.5	BubE	Bacterial ubiquitination-like system serine protease (BubE)	DUF6527	DUF6527	false	https://www.ebi.ac.uk/interpro/entry/pfam/PF20137/
PF20173	PF20173.4	ZnF_RZ-type	RZ type zinc finger domain	DUF6539	DUF6539	false	https://www.ebi.ac.uk/interpro/entry/pfam/PF20173/
PF20178	PF20178.4	ToxA_N	Dermonecrotic toxin, N-terminal domain	DUF6543	DUF6543	false	https://www.ebi.ac.uk/interpro/entry/pfam/PF20178/
PF20207	PF20207.5	PedC-like	Pediocin PA-1 biosynthesis protein PedC-like	DUF6568	DUF6568	false	https://www.ebi.ac.uk/interpro/entry/pfam/PF20207/
PF20208	PF20208.4	ARPP-1	ARG and Rhodanese-Phosphatase-superfamily-associated Protein domain	DUF6569	DUF6569	false	https://www.ebi.ac.uk/interpro/entry/pfam/PF20208/
PF20235	PF20235.4	PIR2-like_helical	PIR2-like, helical domain	DUF6592	DUF6592	false	https://www.ebi.ac.uk/interpro/entry/pfam/PF20235/
PF20238	PF20238.5	BIM1-like_dom	Copper acquisition factor BIM1-like	DUF6595	DUF6595	false	https://www.ebi.ac.uk/interpro/entry/pfam/PF20238/
PF20254	PF20254.4	DMFA2_C	N,N-dimethylformamidase beta subunit-like, C-terminal	DUF6605	DUF6605	false	https://www.ebi.ac.uk/interpro/entry/pfam/PF20254/
PF20381	PF20381.5	Rv1476	Membrane protein Rv1476	DUF6676	DUF6676	false	https://www.ebi.ac.uk/interpro/entry/pfam/PF20381/
PF20410	PF20410.4	X-Tfes_XVIPCD	X-Tfes, XVIPCD	DUF6696	DUF6696	false	https://www.ebi.ac.uk/interpro/entry/pfam/PF20410/
PF20416	PF20416.5	UTP20	U3 small nucleolar RNA-associated protein 20 domain	DUF6700	DUF6700;UTP20_C	false	https://www.ebi.ac.uk/interpro/entry/pfam/PF20416/
PF20661	PF20661.3	SutA-RBD	SutA RNAP-binding domain	DUF6813	DUF6813	false	https://www.ebi.ac.uk/interpro/entry/pfam/PF20661/
PF20716	PF20716.4	ATPTG10	ATPTG10-like	DUF6828	DUF6828	false	https://www.ebi.ac.uk/interpro/entry/pfam/PF20716/
PF20755	PF20755.3	DUF6834_C	Domain of unknown function (DUF6834), C-terminal domain	DUF6834	DUF6834	true	https://www.ebi.ac.uk/interpro/entry/pfam/PF20755/
PF20765	PF20765.4	Phage_tail_terminator_8	Phage tail terminator protein	DUF6838	DUF6838	false	https://www.ebi.ac.uk/interpro/entry/pfam/PF20765/
PF20834	PF20834.3	Lem25	Dot/Icm T4SS effector Lem25 domain	DUF6842	DUF6842	false	https://www.ebi.ac.uk/interpro/entry/pfam/PF20834/
PF20906	PF20906.4	S-Me-THD_C	S-Me-THD-like, C-terminal domain	DUF917_C	DUF917_C	false	https://www.ebi.ac.uk/interpro/entry/pfam/PF20906/
PF20995	PF20995.5	Tla3_C	Type VI lipase adapter protein Tla3, C-terminal	DUF2875_C	DUF2875_C	false	https://www.ebi.ac.uk/interpro/entry/pfam/PF20995/
PF21053	PF21053.4	BFA1_C	Biogenesis factor required for ATP synthase 1, C-terminal domain	DUF3598_C	DUF3598_C	false	https://www.ebi.ac.uk/interpro/entry/pfam/PF21053/
PF21084	PF21084.3	WHD_DUF4423_like	Winged Helix-turn-helix domain	DUF4423_like	DUF4423_like	true	https://www.ebi.ac.uk/interpro/entry/pfam/PF21084/
PF21647	PF21647.3	CORD_C	CORD, C-terminal domain	DUF6857	DUF6857	false	https://www.ebi.ac.uk/interpro/entry/pfam/PF21647/
PF21771	PF21771.2	CFAP58_CC	CFAP58 central coiled coil	DUF6871	DUF6871	false	https://www.ebi.ac.uk/interpro/entry/pfam/PF21771/
PF21773	PF21773.3	ODAD1_CC	ODAD1 central coiled coil region	DUF6872	DUF6872	false	https://www.ebi.ac.uk/interpro/entry/pfam/PF21773/
PF22046	PF22046.3	FabMG	Enoyl-acyl carrier protein reductase FabMG	DUF6936	DUF6936	false	https://www.ebi.ac.uk/interpro/entry/pfam/PF22046/
PF22397	PF22397.4	NADAR-DarT1	DarT1-associated NADAR antitoxin	DUF6977	DUF6977	false	https://www.ebi.ac.uk/interpro/entry/pfam/PF22397/
PF22479	PF22479.3	Pam3_gp18	Cyanophage baseplate Pam3 plug gp18	DUF6983	DUF6983	false	https://www.ebi.ac.uk/interpro/entry/pfam/PF22479/
PF22511	PF22511.4	PBP2	PolB1 Binding Protein 2	DUF6995	DUF6995	false	https://www.ebi.ac.uk/interpro/entry/pfam/PF22511/
PF22665	PF22665.4	WHD_DUF6293	DUF6293 C-terminal winged helix domain	DUF6293_C	DUF6293_C	true	https://www.ebi.ac.uk/interpro/entry/pfam/PF22665/
PF22747	PF22747.3	Zn_ribbon_DUF2089	DUF2089 zinc ribbon	DUF2089_Zn_ribbon	DUF2089_Zn_ribbon	true	https://www.ebi.ac.uk/interpro/entry/pfam/PF22747/
PF22798	PF22798.3	DUF5817_CT	DUF5817, C-terminal domain	DUF5817_HTH	z-alpha-like;DUF5817_HTH	true	https://www.ebi.ac.uk/interpro/entry/pfam/PF22798/
PF22833	PF22833.3	C5orf34_2nd	C5orf34-like, second domain	DUF4524_C	DUF4524_C	false	https://www.ebi.ac.uk/interpro/entry/pfam/PF22833/
PF22997	PF22997.2	CHS4	Chitin synthase 4-like domain	DUF7031	DUF7031	false	https://www.ebi.ac.uk/interpro/entry/pfam/PF22997/
PF23147	PF23147.3	GDH2_N	NAD-dependent glutamate dehydrogenase, N-terminal domain	DUF7052	DUF7052	false	https://www.ebi.ac.uk/interpro/entry/pfam/PF23147/
PF23168	PF23168.3	CUL7_CUL9_N	CUL7/CUL9, N-terminal beta-barrel domain	DUF7058	DUF7058	false	https://www.ebi.ac.uk/interpro/entry/pfam/PF23168/
PF23297	PF23297.2	ACP_SdgA_C	Highly reducing polyketide synthase sdgA, C-terminal ACP domain	DUF7080	DUF7080	false	https://www.ebi.ac.uk/interpro/entry/pfam/PF23297/
PF23398	PF23398.2	FAZ1_cons	FAZ1, conserved domain	DUF7105	DUF7105	false	https://www.ebi.ac.uk/interpro/entry/pfam/PF23398/
PF23404	PF23404.2	FAZ1_C	FAZ1, C-terminal	DUF7106	DUF7106	false	https://www.ebi.ac.uk/interpro/entry/pfam/PF23404/
PF23600	PF23600.2	CdpA_N	Cell division protein A, N-terminal domain	DUF7139	DUF7139	false	https://www.ebi.ac.uk/interpro/entry/pfam/PF23600/
PF23601	PF23601.2	CdpA_C	Cell division protein A, C-terminal domain	DUF7140	DUF7140	false	https://www.ebi.ac.uk/interpro/entry/pfam/PF23601/
PF23628	PF23628.3	ARM_LIN_C	Putative E3 ubiquitin-protein ligase LIN, ARM-like domain	DUF7142	DUF7142	false	https://www.ebi.ac.uk/interpro/entry/pfam/PF23628/
PF23767	PF23767.3	TscA	TscA antitoxin	DUF7166	DUF7166	false	https://www.ebi.ac.uk/interpro/entry/pfam/PF23767/
PF23813	PF23813.2	AdfA	Anti-DarT factor A	DUF7184	DUF7184	false	https://www.ebi.ac.uk/interpro/entry/pfam/PF23813/
PF23859	PF23859.1	DpdA	DeoxyPurine in DNA protein A	DUF7221	DUF7221	false	https://www.ebi.ac.uk/interpro/entry/pfam/PF23859/
PF23926	PF23926.3	LtfC	LtfC-like, beta-sandwich domain	DUF7264	DUF7264	false	https://www.ebi.ac.uk/interpro/entry/pfam/PF23926/
PF23983	PF23983.3	P11_C	Minor capsid protein P11, C-terminal conserved region	DUF7306	DUF7306	false	https://www.ebi.ac.uk/interpro/entry/pfam/PF23983/
PF24045	PF24045.2	MtxA_N	Magnetotaxis protein MtxA, N-terminal domain	DUF7354	DUF7354	false	https://www.ebi.ac.uk/interpro/entry/pfam/PF24045/
PF24148	PF24148.2	ApeC_platyh	ApeC, platyhelminthes	DUF7404	DUF7404	false	https://www.ebi.ac.uk/interpro/entry/pfam/PF24148/
PF24346	PF24346.2	CLIPPER_2	CLIPPER 2 domain	DUF7507	DUF7507	false	https://www.ebi.ac.uk/interpro/entry/pfam/PF24346/
PF24481	PF24481.3	CT398_CC	CT398-like coiled coil hairpin domain	DUF7581	DUF7581	false	https://www.ebi.ac.uk/interpro/entry/pfam/PF24481/
PF24517	PF24517.3	CBM96	Carbohydrate-binding module family 96	DUF7594	DUF7594	false	https://www.ebi.ac.uk/interpro/entry/pfam/PF24517/
PF24574	PF24574.5	Nm-ACP	ACP-like domain	DUF7606	DUF7606	false	https://www.ebi.ac.uk/interpro/entry/pfam/PF24574/
PF24650	PF24650.3	TT1_Tal	Tal, N-terminal tail tube TT1 domain	DUF7643	DUF7643	false	https://www.ebi.ac.uk/interpro/entry/pfam/PF24650/
PF24674	PF24674.1	MACPF_SNTX	SNTX, MACPF/CDC-like domain	DUF7655	DUF7655	false	https://www.ebi.ac.uk/interpro/entry/pfam/PF24674/
PF24702	PF24702.3	BilB-like	Bacterial E2-like ubiquitin protein BilB	DUF7665	DUF7665	false	https://www.ebi.ac.uk/interpro/entry/pfam/PF24702/
PF24729	PF24729.3	Acb2_Tad1_hairpin	Acb2/Tad1, hairpin domain	DUF7681	DUF7681	false	https://www.ebi.ac.uk/interpro/entry/pfam/PF24729/
PF24929	PF24929.1	GlfB_C	GlfB-like, C-terminal domain	DUF7749	DUF7749	false	https://www.ebi.ac.uk/interpro/entry/pfam/PF24929/
PF24957	PF24957.2	DrmE_C	DISARM protein DrmE, C-terminal domain	DUF7764	DUF7764	false	https://www.ebi.ac.uk/interpro/entry/pfam/PF24957/
PF24960	PF24960.2	BB0158	Outer surface lipoprotein BB0158	DUF7766	DUF7766	false	https://www.ebi.ac.uk/interpro/entry/pfam/PF24960/
PF25036	PF25036.3	VPS13_VAB	Vacuolar-sorting associated protein 13, adaptor binding domain	DUF1162	DUF1162;SHR-BD	false	https://www.ebi.ac.uk/interpro/entry/pfam/PF25036/
PF25324	PF25324.2	DUF8573	Domain of unknown function (DUF8573)	DUF7881	DUF7881	true	https://www.ebi.ac.uk/interpro/entry/pfam/PF25324/
PF25372	PF25372.2	LRR_FBXL15	F-box/LRR-repeat protein 15, leucine rich repeat domain	DUF7885	DUF7885	false	https://www.ebi.ac.uk/interpro/entry/pfam/PF25372/
PF25905	PF25905.2	DUF8564	Domain of unknown function (DUF8564)	DUF7961	DUF7961	true	https://www.ebi.ac.uk/interpro/entry/pfam/PF25905/
PF26053	PF26053.2	Arp1_N	Scytalone dehydratase-like protein Arp1, N-terminal domain	DUF8016	DUF8016	false	https://www.ebi.ac.uk/interpro/entry/pfam/PF26053/
PF26062	PF26062.1	PccX	Propionyl-CoA carboxylase, PccX subunit	DUF8022	DUF8022	false	https://www.ebi.ac.uk/interpro/entry/pfam/PF26062/
PF26064	PF26064.1	VP3	VP3-like	DUF8023	DUF8023	false	https://www.ebi.ac.uk/interpro/entry/pfam/PF26064/
PF26239	PF26239.1	DUF8572	Domain of unknown function (DUF8572)	DUF8054	DUF8054	true	https://www.ebi.ac.uk/interpro/entry/pfam/PF26239/
PF26274	PF26274.1	DUF8565	Domain of unknown function (DUF8565)	DUF8073	DUF8073	true	https://www.ebi.ac.uk/interpro/entry/pfam/PF26274/
PF26506	PF26506.2	DUF8574	Domain of unknown function (DUF8574)	DUF8168	DUF8168	true	https://www.ebi.ac.uk/interpro/entry/pfam/PF26506/
PF26607	PF26607.1	Beta-prop_PLL	PLL-like beta propeller	DUF8189	DUF8189	false	https://www.ebi.ac.uk/interpro/entry/pfam/PF26607/
PF26686	PF26686.1	DUF8575	Domain of unknown function (DUF8575)	DUF8230	DUF8230	true	https://www.ebi.ac.uk/interpro/entry/pfam/PF26686/
PF27034	PF27034.2	DUF8568	Domain of unknown function (DUF8568)	DUF8341_C	DUF8341_C	true	https://www.ebi.ac.uk/interpro/entry/pfam/PF27034/
PF27038	PF27038.2	DUF8569	Domain of unknown function (DUF8569)	DUF8342_N	DUF8342_N	true	https://www.ebi.ac.uk/interpro/entry/pfam/PF27038/
PF28559	PF28559.1	TPR_SusR	SusR N-terminal TPR domain	TPR_DUF6377_assoc	TPR_DUF6377_assoc	false	https://www.ebi.ac.uk/interpro/entry/pfam/PF28559/
PF29514	PF29514.1	E217_gp31_C	E217 tail sheath protein gp31-like, C-terminal domain	DUF3383_C	DUF3383_C	false	https://www.ebi.ac.uk/interpro/entry/pfam/PF29514/
PF29715	PF29715.1	BBL5_2nd	Bardet-Biedl syndrome 5 protein second PH-like domain	DUF1448	DUF1448	false	https://www.ebi.ac.uk/interpro/entry/pfam/PF29715/
